,NoDur,Durbl,Manuf,Enrgy,Chems,BusEq,Telcm,Utils,Shops,Hlth ,Money,Other
20190102,-0.28,-0.58,0.44,2.17,0.09,0.16,1.16,-1.46,0.78,-0.98,0.62,0.18
20190103,-0.74,-2.81,-2.94,-1.22,-2.19,-4.35,-0.2,0.05,-1.65,-2.13,-1.82,-2.96
20190104,2.61,4.33,4.07,3.69,3.12,4.45,2.51,1.72,2.95,3.46,3.31,3.79
20190107,-0.21,2.82,0.8,1.31,0.26,0.91,0.77,-0.4,2.19,1.17,0.34,1.4
20190108,1.26,1.55,1.49,0.67,0.77,1.16,1.27,1.47,1.08,0.96,0.41,1.11
20190109,-0.8,1.45,0.76,1.63,-0.43,1,-0.61,-0.49,0.27,0.3,0.71,0.66
20190110,0.46,0.63,1.37,0.33,0.37,0.45,0.24,1.27,-0.1,0.26,0.1,0.8
20190111,0.42,1.42,-0.01,-0.8,0.04,-0.24,0.54,-0.47,-0.14,0.06,0.28,0.13
20190114,-0.23,-0.21,-0.39,-0.19,-0.56,-0.84,-0.46,-1.83,-0.83,-1.42,0.47,-0.53
20190115,0.88,0.5,-0.07,0.29,-0.03,1.74,-0.07,1.25,1.16,1.88,0.89,0.63
20190116,-0.55,-0.36,0.09,-0.11,0.17,-0.03,-0.51,0.41,0.08,-0.45,2.09,0.33
20190117,0.91,1.13,1.65,0.96,1.19,0.82,0.02,0.62,0.51,1.21,0.43,0.85
20190118,1.63,-0.87,1.9,1.66,1.26,1.49,0.65,0.34,1.15,0.89,1.49,1.48
20190122,-1.03,-1.7,-2.14,-2.43,-1.67,-1.89,-1.29,-0.14,-1.69,-0.98,-0.9,-1.85
20190123,0.53,-1.74,0.02,-0.99,1.15,0.33,1.36,0.75,0.41,-0.31,0.01,-0.13
20190124,-1.35,1.49,0.81,0.59,-0.3,0.8,-0.53,0.92,0.08,-0.76,0.19,0.54
20190125,0.38,1.77,1.34,1.19,0.97,1.54,-0.09,-1.09,0.66,0.15,0.95,1.17
20190128,0.41,-0.78,-1.07,-1.09,0.34,-1.25,-0.74,-0.45,-0.68,-1.51,-0.3,-0.56
20190129,0.27,0.63,1.3,0.24,0.5,-0.97,-0.43,0.48,-0.92,0.69,-0.31,0.18
20190130,0.97,1.26,1.63,1.51,1.05,2.79,-0.87,0.72,1.55,1.37,0.65,1.68
20190131,1.58,0.36,0.38,0.65,-0.44,1.08,2.7,1.71,1.17,1.51,-0.07,0.71
20190201,-0.15,0.1,-0.06,1.83,0.64,0.26,0.14,-0.18,-2.06,0.5,0.55,0.68
20190204,0.45,0.44,1.09,0.23,0.33,1.64,-0.44,0.23,0.84,-0.23,0.54,0.68
20190205,0.1,0.97,0.91,-0.03,0.44,0.93,0.12,0.1,0.77,0.02,-0.13,0.5
20190206,-0.13,-0.04,0.21,-0.83,-0.1,-0.17,-0.33,-0.42,-0.51,0.08,0.01,-0.45
20190207,-0.05,-2.28,-1.01,-2.26,-1.12,-1.41,0.01,1.02,-0.42,-1.31,-0.58,-1
20190208,0.79,-0.28,0.04,-0.45,0.47,0.64,0.33,0.52,-0.78,0.62,-0.58,-0.16
20190211,0.23,0.59,0.36,0.49,0.49,-0.03,-0.61,0,0.29,0.06,0.03,0.72
20190212,1.03,1.54,1.79,1.32,1.61,1.47,0.56,0.31,1.68,1.16,1.51,1.35
20190213,0.02,0.07,0.47,1.35,0.13,0.05,0.04,-0.04,0.58,0.18,0.36,0.44
20190214,-1.7,-0.21,-0.46,0.45,-0.68,0.17,0.13,-0.13,-0.18,0.21,-0.71,-0.21
20190215,0.76,0.84,1.59,1.73,1.09,0.65,1.92,0.51,0.75,1.42,1.94,0.75
20190219,-0.09,0.7,-0.1,0.12,0.84,0.1,0.28,0.79,0.64,-0.4,0.18,0.48
20190220,0.56,0.71,0.88,0.56,0.73,-0.02,0.48,0.28,-0.63,0.02,0.5,0.28
20190221,0.42,-1.23,-0.62,-1.58,0.01,-0.24,0.42,0.61,-0.38,-0.79,-0.55,-0.21
20190222,-1.08,1.23,0.84,0.46,0.4,1.23,0.72,0.57,0.49,1.12,0.31,0.14
20190225,-0.54,0.35,0.35,-0.02,0.08,0.57,-0.55,-0.56,-0.28,0.52,0.11,0.15
20190226,-0.11,-0.18,-0.57,-0.28,-0.27,0.1,-0.13,-0.46,-0.05,-0.27,-0.27,-0.1
20190227,0.25,0.69,0.36,0.48,-0.16,0.14,-0.3,0.16,-0.05,0.37,-0.09,-0.07
20190228,0.61,-0.27,-0.47,-1,-0.81,-0.43,0.26,0.22,0.05,-0.01,-0.37,-0.66
20190301,0.48,-0.79,0.37,1.69,0.16,0.8,0.33,0.64,0.45,1.47,0.7,0.46
20190304,-0.33,-0.81,-0.45,0.25,0.27,-0.4,-1.01,0.27,-0.32,-0.78,-0.95,-0.6
20190305,-0.18,-0.6,-0.49,-0.33,-0.45,0,-0.23,-0.23,0.03,-0.18,-0.06,-0.45
20190306,-0.09,-1.38,-1.12,-1.41,-0.13,-0.56,-0.34,-0.12,-0.73,-1.84,-1.01,-0.7
20190307,-0.28,-0.82,-0.8,-0.5,-0.56,-0.92,0.1,0.28,-1.54,-0.68,-1.11,-0.66
20190308,-0.38,0.15,-0.24,-2.09,-0.05,-0.03,-0.19,0.28,-0.32,-0.42,0.11,-0.23
20190311,1.45,1.46,0.62,1.6,1.34,2.11,1.31,0.81,1.62,1.17,1.1,1.6
20190312,-0.33,-0.58,-0.94,0.78,0.02,0.53,0.51,0.62,0.27,0.64,0.22,-0.18
20190313,0.44,0.08,0.52,1.2,0.7,0.67,-0.05,0.17,0.71,0.87,0.84,0.75
20190314,-0.2,-0.89,-0.41,0.04,-0.47,-0.11,0.42,-0.14,-0.39,-0.39,0.48,-0.19
20190315,0.21,-0.79,0.22,-0.01,0.66,0.66,0.88,0.33,0.63,0.77,0.46,0.12
20190318,0.57,0.26,0.64,1.41,-0.18,0.24,-0.52,-0.12,1.15,-0.28,0.89,0.84
20190319,-0.27,-0.09,-0.1,-0.48,-0.26,0.39,-0.76,-1.01,0.47,0.57,-0.66,-0.58
20190320,-0.47,-1.22,-0.65,0.99,-0.35,0.16,-0.41,0.34,0.34,-0.37,-2.09,-0.45
20190321,1.34,1.13,0.98,0.73,1.15,2.1,0.84,1.14,1.27,0.26,-0.06,1.22
20190322,-0.46,-3.15,-3.1,-2.8,-2.02,-2.46,-0.23,0.28,-1.78,-2.04,-2.84,-2.25
20190325,0.36,0.23,0.5,-0.1,-0.08,-0.28,-0.26,0.18,0.32,0.09,-0.27,0
20190326,0.85,1.09,0.72,1.63,0.64,0.44,1.41,0.58,0.48,1.09,1.01,0.66
20190327,-0.36,0.24,0.02,-0.63,0.01,-0.77,0.03,-0.61,-0.29,-0.93,-0.37,-0.23
20190328,0.75,0.8,0.69,0.37,0.87,0.29,-1.19,-0.96,0.51,0.46,0.8,0.73
20190329,0.54,0.27,0.94,-0.18,0.57,0.93,0.02,0.57,0.58,1.11,0.4,0.65
20190401,-0.12,2.32,2.18,1.35,0.66,1.41,1.04,-0.51,0.93,0.04,2.05,1.82
20190402,-0.5,-0.22,-0.39,-0.8,0.14,0.45,-0.53,-0.05,-0.71,0.23,-0.04,0.02
20190403,-0.81,1.29,0.06,-1.04,0.7,0.62,0.53,-0.23,0.58,-0.06,0.39,0.28
20190404,0.79,-0.44,1.05,1.02,0.41,-0.32,0.71,-0.25,0.62,-0.56,0.58,0.2
20190405,0.18,0.76,0.41,1.85,0.31,0.35,0.56,1.04,0.78,0.77,0.21,0.45
20190408,0.24,0.24,-0.52,0.46,0.39,0.29,0.32,-0.66,0.33,-0.2,0.1,-0.14
20190409,-0.21,-1.05,-1.53,-1.4,-0.38,-0.34,0.22,0.02,-0.86,-0.69,-0.86,-0.73
20190410,0.34,1.23,0.22,0.57,0.36,0.71,0.58,-0.27,0.51,0.52,0.42,0.31
20190411,0.08,0.15,0.87,-0.06,0.2,0,0.19,0.5,0.11,-1.06,-0.07,0.49
20190412,0.29,0.8,1.3,0.49,0.73,0.67,1.94,0.68,0.4,-0.54,1.09,0.65
20190415,0.6,-0.6,-0.43,-0.74,-0.09,-0.06,0.2,-0.02,0.43,-0.01,-0.31,-0.25
20190416,-0.24,0.83,0.7,0.63,0.79,0.22,0.14,-1.19,0.35,-1.48,0.66,0.65
20190417,0.65,0.15,-0.15,-0.05,-0.15,0.14,-0.26,-0.37,0.01,-3.28,0.01,-0.01
20190418,-0.13,0.49,0.7,-0.33,0.24,0.24,0.23,-0.11,0.01,-0.28,-0.07,0.61
20190422,-0.25,-1.56,-0.4,2.24,-0.54,0.48,-0.22,0.2,-0.26,-0.06,-0.1,-0.03
20190423,0.86,0.64,0.86,0.03,-0.47,1.32,-0.16,0.39,1.21,1.86,0.84,0.81
20190424,0.13,-0.46,-0.33,-1.92,-0.1,-0.19,-0.87,0.55,0.13,-0.25,-0.08,-0.12
20190425,-1.02,-2.73,-1.77,-0.33,-0.88,0.35,-0.02,0.22,-0.28,1.01,0.09,-1.02
20190426,0.99,1.88,0.75,-1.41,1.74,-0.1,1.09,0.29,0.46,0.78,1.14,0.99
20190429,0.33,0.4,0.29,-0.24,-0.44,0.29,0.41,-0.51,-0.26,-0.31,0.82,0.25
20190430,0.91,-0.73,-0.01,0.01,0.8,-0.76,-0.21,1.31,0.08,0.46,0.07,0.23
20190501,-0.93,-1.08,-1,-2.24,-1.87,-0.42,-0.44,-1.08,-1.13,-0.45,-0.95,-0.6
20190502,-0.37,0.55,-0.22,-1.83,-0.58,-0.35,-0.75,-0.44,0.22,0.53,0.17,0.12
20190503,0.91,1.9,1.43,1.01,0.96,1.26,0.96,0.78,1.36,1.08,0.81,1.3
20190506,-0.32,-1.03,-1.14,0.07,-1.16,-0.61,-0.11,-0.56,-0.24,0.39,0.03,-1.04
20190507,-1.09,-1.14,-2.14,-0.75,-1.84,-2.08,-0.81,-0.23,-1.51,-2.1,-1.6,-1.79
20190508,-0.24,-0.53,-0.2,0.04,-0.01,-0.21,-0.22,-1.29,0.04,-0.02,-0.24,-0.28
20190509,-0.06,-0.83,-0.28,0.07,-0.9,-0.57,0.28,-0.08,-0.3,-0.13,-0.09,-0.16
20190510,0.7,0.28,0.34,0.48,0.95,0.23,0.71,1.65,0.04,-0.23,0.56,0.16
20190513,-1.44,-3.58,-3.14,-1.77,-1.5,-3.71,-1.68,0.82,-2.8,-1.91,-2.82,-2.62
20190514,0.77,1.36,0.99,1.29,0.33,1.26,1.01,-0.53,0.61,0.67,0.99,0.94
20190515,0.75,0.46,0.24,0.47,0.32,1.29,0.4,0,0.64,0.6,-0.23,0.35
20190516,0.67,-0.24,0.7,0.54,1.24,1.02,1.01,0.61,0.99,0.93,1.08,0.81
20190517,-0.17,-2.08,-1.28,-1.2,-0.52,-1.06,0.51,0.29,-0.66,-0.51,-0.4,-0.98
20190520,-0.5,-0.63,-0.85,-0.04,-0.73,-1.76,0.36,0.1,-0.21,-0.37,0.24,-0.64
20190521,-0.02,0.92,1.52,1.17,0.68,1.25,0.64,0.27,0.47,0.92,0.96,0.86
20190522,0.49,-2.68,-0.87,-1.8,-0.18,-0.41,-0.62,0.53,-0.59,0.5,-0.48,-0.62
20190523,-0.28,-1.06,-1.68,-3.52,-0.9,-1.68,-0.78,0.29,-1.28,-0.57,-1.66,-1.31
20190524,-0.48,0.15,0.29,0.21,0.03,-0.01,0.41,-0.09,0.28,0.21,0.91,0.21
20190528,-2.13,-0.72,-0.84,-1.04,-1.09,-0.27,-0.65,-1.59,-0.36,-1.16,-1.03,-0.67
20190529,-0.99,-0.47,-0.57,-0.5,-0.12,-0.83,-0.66,-1.25,-0.93,-1.22,-0.03,-0.54
20190530,0.03,0.1,0.1,-1.4,0.61,0.56,-0.18,-0.13,0.49,0.5,-0.52,0.4
20190531,-1,-2.71,-1.61,-1.74,-1.73,-1.58,-2.35,0.43,-1.27,-1.03,-1.32,-1.2
20190603,1.44,0.92,0.9,1.3,-0.76,-2.38,1.05,1.16,-1.02,0.61,0.1,0.17
20190604,1.03,4.63,2.67,1.88,1.48,3,1.28,0.31,2.05,1.79,2.82,2.59
20190605,0.9,0.47,0.84,-1.4,1.23,1.01,0.37,1.84,0.5,0.53,0.57,0.73
20190606,0.64,0.24,0.32,1.71,0.85,0.85,0.59,0.61,0.59,0.2,0.31,0.14
20190607,0.91,0.56,0.89,0.42,0.96,1.85,0.62,-0.55,1.5,1.2,0.23,0.89
20190610,-0.03,1.33,0.22,0.37,0.02,1.05,-0.9,-0.68,1.18,0.08,0.79,0.38
20190611,0.33,0.37,-0.51,-0.04,0.25,-0.04,-0.19,-0.64,0.25,-0.26,-0.05,-0.27
20190612,-0.1,-0.84,-0.49,-1.53,0.16,-0.5,0.39,0.83,0.05,0.86,-0.7,-0.07
20190613,0.26,1.24,0.8,1.31,0.84,0.55,1.15,0.23,0.81,-0.16,0.16,0.45
20190614,-0.09,-0.65,-0.72,-0.8,-0.18,-0.69,0.49,0.72,0.13,-0.42,0.17,-0.21
20190617,-0.36,0.75,-0.19,1.01,-0.56,0.55,-0.04,-0.28,0.22,0.97,-0.66,-0.25
20190618,-0.3,1.26,2.45,1.47,-0.25,1.56,0.37,-0.09,0.45,0.96,1.03,1.28
20190619,0.41,0.34,-0.02,-0.19,0.05,0.41,0.58,0.8,0.24,0.73,-0.06,0.35
20190620,0.86,0.39,1.67,2.23,1.16,1.23,0.36,0.8,0.58,0.48,0.59,0.82
20190621,-0.27,-0.19,-0.47,0.61,-0.52,-0.27,-0.69,0.47,-0.34,0.21,-0.05,-0.63
20190624,-0.2,-0.4,-0.15,-0.92,0.52,-0.05,-0.04,-0.31,-0.45,-0.6,-0.56,-0.39
20190625,-0.27,-0.34,-0.57,-0.79,-0.23,-1.83,-0.65,-0.72,-0.65,-0.72,-0.71,-0.85
20190626,-0.94,0.56,0.37,1.73,-1.13,0.66,-0.89,-1.78,0.17,-1.29,-0.24,0.18
20190627,0.26,1.26,0.25,-0.83,0.34,0.47,0.49,0.17,0.53,0.78,0.96,1.29
20190628,0.36,0.63,1.07,1.07,0.72,0.31,0.71,0.75,0.16,0.71,1.36,0.83
20190701,0.58,0.37,0.31,0.21,0.42,1.3,0.39,-0.19,0.66,0.58,0.84,0.69
20190702,0.51,-1.02,-0.38,-2.13,0.17,0.41,1.28,0.95,0.38,0.18,-0.09,-0.03
20190703,1.25,0.9,0.5,0.49,1.34,0.77,0.51,0.78,0.83,0.91,0.78,0.76
20190705,-0.32,-0.1,-0.29,0.21,-0.65,-0.08,0.44,-0.07,0.13,-0.92,0.44,-0.33
20190708,-0.19,-0.7,-0.78,-0.01,-0.33,-0.82,-0.74,0,0.23,-1.03,-0.64,-0.61
20190709,-0.72,-0.53,-0.4,-0.04,-0.92,0.51,-0.16,0.17,0.42,0.48,0.38,-0.05
20190710,0.61,0.41,-0.3,1.55,0.23,0.78,1.38,0.28,0.47,0.32,-0.23,-0.05
20190711,-0.12,0.1,0.52,-0.03,0.42,0.14,-0.06,-0.02,0.32,-1.05,1.21,0.13
20190712,0.32,2.2,1.69,0.42,0.91,0.59,0.91,-0.58,0.92,-1.25,0.74,0.94
20190715,0.05,0.36,-0.33,-1.21,0.27,0.22,0.17,0.08,0.24,0.45,-0.64,-0.22
20190716,-0.05,0.81,0.36,-1.14,0.35,-0.68,-0.1,-0.63,-0.28,-0.59,-0.28,0.4
20190717,-0.16,-1.04,-1.19,-1.25,-0.56,-0.33,-0.94,0.17,-0.74,0.15,-0.52,-2.08
20190718,1.13,-0.48,-0.22,-0.01,0.25,0.51,-0.37,0.56,-0.2,0.88,0.66,0.04
20190719,-0.51,0.5,0.89,0.6,-0.26,-0.75,-0.92,-1.28,-0.67,-1.06,-0.45,-0.7
20190722,-0.41,-0.11,-0.03,0.31,0,1.05,-0.75,-0.07,0.02,-0.07,0.2,-0.08
20190723,1.54,1.52,1.41,0.41,0.75,0.52,0.27,-0.51,0.32,0.46,0.96,0.76
20190724,-0.35,1.42,0.22,0.47,-0.23,0.91,1.57,0.09,0.57,0.58,0.81,0.83
20190725,-0.11,-3.43,-0.65,-1.47,-0.08,-0.71,0.39,-0.4,-0.61,-0.81,-0.75,-0.24
20190726,0.84,0.27,-0.17,-0.52,1.06,1.4,1.07,0.23,0.29,0.6,1.11,0.91
20190729,0.05,0.11,-0.38,-0.35,0.36,-0.38,-0.03,0.24,-0.62,0.09,-0.62,-0.4
20190730,-0.54,0.19,0.4,1.52,1.74,-0.54,-0.67,-0.46,-0.47,-0.27,0.01,-0.04
20190731,-1.59,-0.6,-1.45,-0.64,-1.67,-1.27,-1.53,-0.33,-1.28,-0.75,-0.77,-0.91
20190801,-0.63,-2.49,-1.91,-2.94,-1.15,-0.6,-0.42,0.81,-0.95,0.04,-1.94,-1.53
20190802,0.07,-0.62,-0.83,-1.2,-0.8,-1.74,-0.33,-0.14,-0.62,-0.42,-0.52,-0.58
20190805,-2.54,-2.32,-2.87,-2.99,-2.93,-3.83,-1.9,-1.82,-2.76,-2.46,-3.36,-2.93
20190806,0.64,1.16,1.53,-0.04,0.83,1.47,1.17,1.1,1.28,1.54,1.62,1.07
20190807,0.7,0.49,0,-0.61,1.21,0.49,-1.3,0.11,0.67,-0.07,-0.69,-0.17
20190808,1.43,2.08,1.68,2.95,2,2.57,1.51,1.34,1.6,1.53,1.8,2.05
20190809,-0.78,-1.33,-1.05,-1.36,-0.78,-1.26,-0.04,-0.14,-0.86,0.14,-0.31,-1.2
20190812,-0.71,-1.35,-1.46,-1.18,-1.3,-1.32,-0.86,-0.3,-1.37,-1,-1.89,-1.4
20190813,0.96,1.3,1.29,1.04,1.16,2.15,1.21,0.22,1.75,1.2,1.35,1.06
20190814,-1.91,-4.08,-3.2,-4.09,-2.24,-3.15,-2.26,-1.23,-2.86,-2.75,-3.5,-2.7
20190815,0.65,-1.14,0.23,-0.54,0.63,-0.13,0.38,1.1,0.81,0.16,0.24,-0.35
20190816,1.22,1.74,1.72,1.48,1.59,1.71,1.36,0.7,1.09,1.38,1.82,1.88
20190819,0.64,1.33,1.21,2.27,1.42,1.4,0.96,0.57,1.15,1.1,0.91,0.9
20190820,-0.96,-0.78,-0.63,-0.96,-1.08,-0.58,-0.63,-0.21,-0.31,-0.89,-1.24,-0.83
20190821,0.41,0.56,0.97,0.83,0.53,1.1,0.43,0.69,1.53,0.85,0.6,0.42
20190822,0.41,0.04,0.57,-0.6,-0.25,-0.3,0.09,-0.11,0.12,-0.39,0.03,-0.12
20190823,-2.03,-3.43,-2.79,-3.46,-2.27,-3.13,-2.31,-1.43,-2.47,-2.5,-2.57,-2.47
20190826,0.99,0.81,0.8,0.46,0.88,1.26,1.59,1.18,1.07,1.23,1,0.92
20190827,-1.31,-0.55,-0.62,-0.75,0.46,-0.21,-0.1,0.01,-0.36,-0.36,-0.94,-0.6
20190828,1.1,1.4,1.22,1.53,0.86,0.11,0.96,0.13,0.86,0.71,0.91,0.87
20190829,0.31,1.94,1.84,1.59,0.57,1.77,0.78,0.8,1.41,0.63,1.57,1.43
20190830,0.1,0.71,0.43,-0.08,-0.05,-0.06,0.14,0.07,-0.42,-0.11,0.42,0.11
20190903,0.1,-1.34,-1.58,-0.62,0,-1.41,-0.43,1.34,-0.25,-0.72,-1.13,-1.1
20190904,0.75,1.84,1.36,1.44,1.41,1.55,1.36,0.28,0.89,0.13,0.95,1.2
20190905,-0.17,2.95,1.88,1.29,0.22,2.05,0.94,-0.81,1.55,0.96,1.89,1.32
20190906,0.63,0.15,0.15,0.47,0.37,-0.34,0.58,-0.34,0.15,0.17,-0.07,-0.19
20190909,-0.02,2.04,0.4,2.06,-0.54,-0.59,0.07,-0.22,0.43,-1.35,1.26,0.54
20190910,0.03,0.72,1.18,1.33,-0.58,-0.13,0.55,0.04,-0.33,0.56,0.11,0.42
20190911,0.86,1.46,1.44,0.06,0.92,1.23,1.11,1.04,0.22,1.16,0.43,0.9
20190912,0.16,-0.54,0.08,-0.7,0.59,0.33,0.19,0.05,0.39,-0.06,0.46,0.18
20190913,-0.74,0.29,0.46,0.83,0.11,-0.46,-0.5,-0.28,-0.13,-0.25,0.75,0.48
20190916,-0.41,-1.43,-0.23,4.11,-1.72,-0.06,-0.96,0.28,-1.23,-0.18,-0.19,-0.56
20190917,0.08,0.38,0.07,-1.98,0.54,0.34,0.16,0.7,0.53,0.38,-0.1,0.25
20190918,-0.25,-1.12,-0.03,-0.57,0.36,0.06,-0.09,0.41,-0.06,-0.09,0.17,-0.35
20190919,-0.14,-0.41,-0.5,-0.47,0.18,0.29,-0.41,0.26,-0.14,0.19,-0.14,-0.49
20190920,-0.51,-1.42,-0.83,0.1,-0.11,-0.78,-0.05,0.34,-0.86,0.79,-0.65,-0.69
20190923,0.2,0.12,0.23,0.16,0.19,-0.04,-0.15,0.01,0.18,-0.48,0.14,-0.3
20190924,-0.07,-2.38,-0.73,-1.72,-0.23,-1.39,-0.62,0.71,-1,-1.01,-1.04,-1.11
20190925,0.62,1.15,1.23,0.3,0.19,1.26,0.27,0.03,0.78,-0.34,0.61,0.8
20190926,0.38,0.88,0.02,-1.48,0.4,-0.2,-0.91,0.31,-0.66,-0.81,-0.68,-0.43
20190927,-0.28,-0.25,-0.53,-0.08,0.16,-1.32,-0.52,-0.29,-0.28,-0.68,0.01,-0.62
20190930,0.66,0.7,0.28,-0.7,0.42,0.97,0.67,0.04,0.71,0.71,-0.09,0.47
20191001,-0.22,-1.95,-2.07,-2.36,-1.4,-1.14,-0.9,-0.48,-0.75,-1.24,-1.87,-1.54
20191002,-2.04,-2.4,-1.84,-2.71,-1.9,-1.85,-1.01,-1.3,-1.62,-1.3,-1.89,-1.49
20191003,0.89,0.13,0.55,1.33,0.49,1.38,0.18,0.34,0.43,1.3,0.25,0.52
20191004,1.4,0.38,1.13,0.6,1.33,1.65,1.34,1.44,0.98,1.34,1.8,1.2
20191007,-0.85,-0.06,-0.52,-0.92,-0.82,-0.35,0.29,-0.49,-0.33,-0.4,-0.41,-0.28
20191008,-0.92,-1.49,-1.56,-1.71,-1.79,-1.93,-1.08,-1.18,-0.92,-1.72,-1.89,-1.61
20191009,0.67,1.26,0.85,1.16,0.78,1.32,0.42,0.47,0.9,0.38,0.99,0.83
20191010,0.36,0.73,0.74,1.35,0.11,0.58,0.51,-0.21,0.5,0.42,0.96,0.77
20191011,0.27,2.43,2.01,1.43,0.8,1.5,0.84,-0.08,1.06,1.09,1.26,1.52
20191014,-0.22,0.55,-0.17,-0.27,-0.86,-0.12,-0.44,-0.68,-0.3,-0.02,0.03,-0.12
20191015,0.14,1.83,0.69,0.4,-0.69,1.23,1.13,-0.27,0.95,1.39,1.77,0.84
20191016,0.02,0.46,-0.2,-1.36,0.23,-0.73,0.13,0.08,0.4,-0.04,-0.27,0.14
20191017,0.63,0.65,0.5,0.11,-0.11,0.02,0.56,0.32,0.64,0.63,0.46,0.62
20191018,0.12,0.04,-0.83,-0.83,0.1,-1.02,0.16,0.32,-0.52,-0.63,0.1,-0.49
20191021,0.12,-0.03,0.18,1.84,0.47,1,-0.12,0.38,0.45,0.27,1.19,0.86
20191022,-0.32,1.01,0.6,1.25,0.79,-1.14,0.16,0.43,-0.49,-0.08,-0.38,-0.14
20191023,0.29,0.16,0.02,0.85,0.5,0.46,-0.34,0.39,-0.48,0.46,0.32,0.22
20191024,0.03,1.22,0.33,-0.31,0.85,0.87,-1.19,0.22,0.27,-0.43,0.06,0.13
20191025,-0.6,2.82,0.81,0.95,-0.09,0.92,0.94,-1,-0.15,0.42,0.55,0.72
20191028,-0.1,0.36,0.57,-0.63,0.01,1.15,0.86,-1.3,0.49,1.14,0.77,0.31
20191029,0.02,0.22,0.23,0.47,0.58,-0.89,-0.59,0.24,-0.65,1.03,0.33,-0.02
20191030,0.21,-0.33,-0.07,-2.15,0.5,0.55,0.19,0.7,0.49,0.68,-0.02,0.43
20191031,0.24,-0.88,-1.12,-0.41,-1.02,-0.13,0.18,0.28,-0.51,-0.04,-0.66,-0.87
20191101,0.2,1.8,1.94,2.47,0.46,1.12,0.87,0.1,0.75,0.49,1.32,1.63
20191104,-0.27,1.25,0.95,3.2,-1.27,0.58,-0.54,-0.94,0.25,-0.38,0.66,0.91
20191105,-0.09,0.07,0.39,0.5,0.64,-0.04,0.08,-0.96,0.33,-0.64,0.07,-0.11
20191106,0.28,0.3,-0.25,-2.28,0.66,-0.15,-0.2,-0.08,0.2,0.16,0.26,-0.03
20191107,-0.25,0.33,0.44,1.95,0.24,0.44,1.08,-1.29,-0.01,0.09,0.9,0.17
20191108,0.16,0.51,0.02,-0.57,0.31,0.6,0.47,-0.33,-0.15,1.06,0.27,0.05
20191111,-0.26,0.39,0.35,-0.67,-0.21,-0.1,0.04,-0.74,-0.29,-0.4,-0.24,-0.12
20191112,0.2,0.01,-0.06,-0.62,0.12,0.41,-0.24,0.21,0.2,0.4,0.14,-0.15
20191113,0.54,-1.43,-0.13,-0.64,0.07,0.16,1.41,1.29,-0.05,0.01,-0.52,-0.4
20191114,-0.06,0.31,0.24,-0.26,0.22,0,-0.31,0.19,0.26,-0.15,0.18,0.24
20191115,0.45,0.55,1.05,0.8,-0.26,1.06,-0.26,0.46,0.01,1.56,0.84,0.52
20191118,0.25,-0.41,-0.17,-1.48,0.14,0.05,0.61,-0.02,0.4,-0.33,0.15,0.1
20191119,-0.21,-0.04,-0.39,-1.53,-0.17,0.28,-0.63,-0.37,-0.83,0.91,0.41,0.12
20191120,0.14,-1.52,-0.51,0.79,-0.47,-0.5,-0.93,0.64,-0.26,0.04,-0.35,-0.7
20191121,-0.47,-0.25,-0.49,1.68,-0.98,-0.3,0.25,-0.25,-0.35,0.23,-0.01,-0.15
20191122,0.02,-0.12,0.41,-0.4,0.07,0.03,0.46,0.02,0.35,0.47,0.49,0.52
20191125,0.53,1.45,1,0.24,0.46,1.31,-0.64,-0.2,0.78,1.38,0.99,1.02
20191126,0.84,-0.14,0.25,-1.05,0.93,0.08,0.6,0.23,0.58,0.16,-0.13,0.34
20191127,0.47,0.33,0,0.33,0.07,0.54,0.62,0.15,0.61,0.67,0.42,0.31
20191129,-0.32,-0.69,-0.6,-1.15,-0.17,-0.43,-0.26,-0.25,-0.59,-0.27,-0.24,-0.48
20191202,0.09,-0.69,-1.31,0.08,-0.24,-1.35,-0.67,-0.76,-0.65,-0.59,-0.81,-0.9
20191203,-0.46,-0.72,-0.99,-1.39,-0.52,-0.58,-0.21,0.3,-0.84,0.08,-1.11,-1.01
20191204,0.7,0.31,0.54,1.65,0.63,0.51,0.33,0.69,0.19,1.04,0.81,0.42
20191205,0.05,0.13,0.41,-0.63,0.16,0.3,0.15,0.17,-0.36,-0.31,0.47,0.27
20191206,0.49,1.14,1.35,2.2,0.62,1.08,0.31,-0.08,0.84,0.66,1.03,0.98
20191209,0.12,-0.22,-0.43,-0.32,0.06,-0.43,-0.64,-0.15,0.01,-0.53,-0.33,-0.41
20191210,-0.31,0.48,-0.23,0.11,-0.58,0.01,-0.56,0.18,-0.32,0.28,0.02,-0.18
20191211,0.27,0.6,0.83,-0.39,0.31,0.57,0.04,0.36,0.14,0.01,-0.17,0.69
20191212,-0.05,1.74,0.84,2.3,0.7,0.7,0.58,-0.38,0.76,0.82,1.74,0.99
20191213,0.22,-1.33,-0.58,-1.08,-0.01,0.26,0.1,0.67,-0.22,0.03,-0.23,-0.01
20191216,0.51,1.99,-0.16,1.58,0.2,1.02,0.54,1.21,0.39,0.89,0.68,0.58
20191217,-0.05,0.03,0.22,0.18,-0.16,-0.2,-0.08,0.43,0.44,0.21,0.35,0.11
20191218,0.35,1.52,-0.11,0.26,-0.47,0.07,-0.24,0.55,-0.3,0.01,-0.22,-0.31
20191219,0.52,0.28,0.28,-0.1,0.73,0.69,0.59,0.04,0.44,0.37,0.17,0.44
20191220,0.91,0.41,0.49,0.81,0.43,0.46,0.92,0.74,0.12,0.75,0.12,0.63
20191223,-0.13,0.38,0.66,0.98,0.03,0.35,-0.56,-0.78,-0.31,0.51,-0.15,-0.1
20191224,-0.08,0.32,-0.38,0.03,0.03,-0.07,0.18,0.01,0.2,0.07,0.08,0.11
20191226,0.19,0.16,0.1,0.08,0.13,0.78,0.44,0.17,1.3,-0.24,0.5,0.34
20191227,0.33,-0.2,-0.04,-0.57,0.2,-0.09,0.07,0.15,-0.02,-0.24,-0.11,-0.26
20191230,-0.4,-1.33,-0.45,-0.37,-0.77,-0.71,-0.47,-0.03,-0.56,-0.74,-0.41,-0.5
20191231,0.21,0.44,0,0.77,0.6,0.33,0.25,0.58,0.06,0.36,0.21,0.22
20200102,-0.73,1.37,1.3,0.94,-1.08,1.83,0.44,-1.31,0.94,0.11,0.77,1.13
20200103,-0.03,-0.67,-0.24,-0.33,-0.97,-0.81,-0.46,0.2,-0.72,-0.81,-0.96,-0.64
20200106,0.2,0.23,-0.22,0.82,-0.07,0.7,-0.07,0.21,0.53,0.51,-0.03,0.28
20200107,-0.72,0.43,-0.01,-0.18,-0.55,0.05,0.1,-0.2,-0.2,-0.32,-0.55,-0.15
20200108,0.42,1.1,0,-1.9,0.45,0.88,0.31,-0.26,-0.01,0.51,0.9,0.53
20200109,0.3,-0.78,0.49,0.63,0.71,1.09,-0.06,0.5,0.64,0.57,0.54,0.47
20200110,-0.13,-0.82,-0.9,-0.74,-0.23,-0.12,-0.52,0.16,-0.53,0.04,-0.48,-0.54
20200113,1.17,2.93,0.85,0.01,1.11,1.27,0.24,0.72,0.14,-0.07,0.34,1.07
20200114,0.08,0.84,0.08,0.07,0.09,-0.56,0.3,0.28,-0.1,0.85,-0.15,0.13
20200115,0.55,-1.16,0.02,-0.56,0.87,0.11,0.11,1.23,-0.17,0.57,-0.07,0.34
20200116,0.47,0.54,1.18,0.03,0.29,1.21,0.73,0.62,0.82,0.45,1.04,0.84
20200117,0.09,-0.32,-0.05,-0.74,0.41,0.66,0.31,0.61,-0.03,-0.07,0.44,0.18
20200121,0.11,1.24,-0.97,-1.89,-0.46,-0.19,-0.01,0.39,0.3,-0.19,-0.6,-0.92
20200122,0.3,0.61,-0.39,-1,-0.36,0.23,0.61,0.13,-0.02,0.12,0.27,-0.3
20200123,-0.27,0.35,0.51,-0.6,-0.27,0.32,-1.16,0.99,0.13,-0.58,-0.18,0.95
20200124,-0.72,-1.42,-0.75,-1.24,-0.36,-0.58,-1.16,0.11,-1.23,-1.66,-1.36,-0.94
20200127,-0.91,-1.74,-1.66,-2.78,-1.17,-2.2,-1.17,-0.45,-0.86,-0.3,-1.76,-1.91
20200128,0.08,1.33,0.5,0.55,0.53,1.73,0.8,0.45,0.84,0.43,1.09,1.07
20200129,-0.32,0.35,-0.29,-1.12,-0.35,0.28,-2.19,0.1,-0.13,0.01,-0.3,0.41
20200130,1.29,2.68,0.15,0.82,-0.23,0.09,0.8,0.83,0.05,-0.44,0.92,0.39
20200131,-1.53,-0.65,-2.35,-3.28,-0.9,-2.52,-0.02,-0.57,0.64,-1.7,-2.28,-1.9
20200203,0.32,6.82,0.64,-1.59,1.14,1.36,-0.2,0.46,0.19,1.18,0.85,0.55
20200204,0.63,5.83,1.98,0.06,1.29,2.08,1.76,-0.82,1.43,1.73,1.29,1.53
20200205,0.55,-6.17,1.89,4.17,1.22,0.44,0.07,0.58,0.83,1.38,2.02,1.03
20200206,0.09,-0.18,0.19,-1.27,0.31,0.98,0.69,-0.08,-0.01,0.14,-0.2,0.03
20200207,0.06,-1.38,-1.08,-0.89,-1.01,-0.77,0.09,-0.33,0.14,-0.73,-0.5,-0.55
20200210,0.59,1.44,0.67,-0.74,0.01,1.23,0.31,0.34,1.11,0.66,0.35,0.46
20200211,0.09,0.96,0.58,1.08,-0.36,-0.28,1.17,0.36,0.61,0.4,0.47,0.54
20200212,0,0.45,0.92,1.35,0.38,1.06,0.58,0.1,0.74,-0.31,0.65,0.86
20200213,0.16,1.43,-0.29,-0.4,0.27,-0.26,0.03,1.01,0.01,-0.5,0.14,-0.32
20200214,0.15,-0.91,-0.33,-0.58,0.42,0.47,-0.17,0.62,-0.16,0.32,0.03,-0.02
20200218,-0.54,2.09,-0.79,-0.79,-0.87,-0.24,0.23,0.68,0.52,-0.27,-0.58,-0.08
20200219,0.07,2.65,0.14,1.44,0.53,0.88,0.66,-0.76,0.21,0.46,0.66,0.72
20200220,0.02,-0.45,-0.14,-0.23,0.15,-0.89,-0.36,0.43,0.13,-0.43,-0.1,-0.17
20200221,-0.13,-0.84,-0.43,-1.36,-0.28,-2.09,-0.43,-0.24,-1.12,-0.02,-1.11,-0.88
20200224,-2.61,-5.26,-3.35,-4.86,-2.77,-4.05,-2.12,-1.35,-2.96,-2.5,-3.91,-3.18
20200225,-2.11,-3.72,-3.83,-4.37,-2.85,-2.91,-2.44,-2.28,-2.3,-2.53,-4.16,-3.6
20200226,-0.51,-1.53,-0.52,-3.3,-0.84,0.32,-1.43,-1.19,-0.55,0.08,-0.84,-1.36
20200227,-3.84,-6.56,-3.63,-5.61,-4.66,-4.91,-3.45,-4.58,-4.27,-3.01,-4.07,-3.63
20200228,-1.9,-0.95,-1.29,1.73,-1.04,0.72,-1.23,-3.16,-1.42,-1.42,-1.99,-0.66
20200302,3.92,5.67,3.46,2.44,4.97,4.71,3.89,5.44,4.47,4.36,4.86,2.89
20200303,-1.22,-1.89,-2.33,-3.23,-1.25,-3.43,-2.48,-1.18,-2.24,-2.61,-3.72,-2.56
20200304,4.5,1.88,3.72,2.11,4.47,4.04,3.78,5.24,3.59,4.98,3.96,3.98
20200305,-2.53,-3.96,-4.85,-3.77,-2.8,-3.39,-3.19,-1.73,-2.82,-1.96,-4.36,-4.42
20200306,-1.51,-2.69,-1.11,-5.63,-1.13,-2.05,-0.72,-1.19,-0.91,-0.65,-2.78,-1.48
20200309,-5.96,-10.29,-9.13,-19.68,-6.52,-7.3,-6.56,-7.18,-5.05,-5.65,-10.27,-8.35
20200310,3.17,5.63,4.47,5.4,4.1,5.76,3.94,1.25,4.47,3.21,5.94,4.96
20200311,-4.27,-3.52,-6.78,-5.76,-5.9,-4.93,-3.67,-5.07,-4.74,-4.58,-5.29,-5.78
20200312,-9.87,-10.27,-10.97,-11.58,-8.93,-9.5,-9.09,-10.55,-9.29,-7.48,-10.42,-10.21
20200313,7.11,3.98,7.05,9.11,9.44,10.73,9.08,6.17,7.05,6.61,12.18,7.75
20200316,-9.12,-14.41,-12.38,-13.37,-8.67,-13.13,-8.85,-11.65,-10.66,-9.62,-14.63,-11.62
20200317,7.4,-0.47,4.85,1.42,7.87,6.37,4.14,11.78,6.11,5.94,5.54,3.6
20200318,-6.05,-11.52,-8.23,-13.08,-3.93,-4.27,-4.13,-5.75,-2.66,-2.47,-8.9,-8.86
20200319,-1.02,7.32,1.39,5.47,-1.36,1.47,1.16,-3.63,2.43,-1.04,2.49,3.17
20200320,-6.15,-2.64,-5.21,0.16,-5.89,-3.62,-6.83,-7.45,-3.61,-4.23,-4.82,-1.96
20200323,-3.12,-1.61,-3.71,-6.69,-5.15,-0.78,-1.32,-5.62,0.52,-3.79,-6.06,-2.61
20200324,7.45,15,12.27,15.99,8.05,9.13,5.77,10.94,6.03,6.99,13.18,10.91
20200325,2.13,4.46,5.61,4.46,0.17,-0.81,0.43,2.85,-1.17,0.51,4.17,2.98
20200326,5.7,1.48,7.86,6,5.88,6.16,6.9,8.07,4.32,6.45,6.97,4.4
20200327,-1.95,-3.37,-4.41,-6.94,-1.12,-4.2,-4.19,-0.07,-2.62,-2.15,-4.13,-3.83
20200330,3.99,0.03,2.05,1.53,3.37,3.93,2.63,3.3,2.9,4.81,2.38,1.54
20200331,-1.66,0.35,-1.53,1.42,-2.84,-1.11,-2.18,-3.36,-1.46,-0.31,-2.94,-0.5
20200401,-3.34,-6.55,-4.92,-4.4,-2.92,-4.65,-3.01,-6.2,-2.79,-4,-5.87,-5.12
20200402,2.32,-2.44,1.19,9,2.79,1.88,2.97,3.39,0.8,3.47,2.2,1.17
20200403,0.44,0.41,-1.59,-1.32,-0.75,-1.72,-2.39,-3.29,-1.1,-0.68,-2.83,-2.41
20200406,4.48,8.16,8.49,5.11,4.75,8.11,5.98,7.43,6.68,4.97,8.62,6.87
20200407,0.54,3.87,0.12,1.61,-0.68,-0.7,1.17,-0.79,0.31,-1.34,0.62,0.47
20200408,2.08,3.39,4.31,7.14,3.35,2.75,1.52,5.23,2.13,3.78,4.99,3.84
20200409,2.11,3.86,1.56,-1.25,1.63,0.37,1.6,4.77,1.14,0.97,3.88,2.18
20200413,-2.26,2.56,-3.01,-0.38,-1.04,0.36,-1.31,-2.95,1.56,-0.94,-3.3,-2.03
20200414,3.95,4.77,2.02,-0.6,3.17,4.01,3.15,2.82,4.02,3.55,0.67,2.36
20200415,-2.57,-1.25,-3.18,-4.43,-2.17,-1.44,-2.36,-3.52,-1.26,-0.97,-4,-2.49
20200416,0.3,0.59,-0.5,-4.24,-0.02,1.19,0.51,0.02,2.35,1.89,-1.03,-0.37
20200417,1.86,2.9,5.05,10.63,3.52,1.25,2.26,3.56,1.31,3.04,4.89,2.98
20200420,-1.96,-1.39,-2.7,-3.4,-2.71,-1.31,-1.55,-3.57,-1.01,0.04,-2.35,-1.76
20200421,-3.03,-4.96,-2.99,-1.36,-1.63,-4.01,-2.84,-1.48,-2.37,-3.1,-3.06,-2.26
20200422,1.03,2.96,1.99,3.86,1.13,3.8,0.66,2.62,2.02,1.56,1.5,0.97
20200423,-0.72,-0.45,0.34,3.46,0.54,-0.34,0.38,-1.57,-0.05,0.64,0.18,1.09
20200424,1.51,2.15,0.55,0.11,0.82,1.89,1.12,0.78,1.55,1.53,1.46,0.88
20200427,1.77,6.21,2.4,2.24,0.78,0.89,2.14,1.24,0.73,1.17,3.86,2.53
20200428,1.5,-0.85,1.68,2.22,0.55,-1.65,-0.14,0.55,-0.61,-2.35,0.73,0.91
20200429,0.3,3.64,2.96,7.91,1.73,4.34,2.44,-0.4,1.39,0.93,4.1,2.72
20200430,-2.05,-2.91,-3.01,-1.76,-0.91,0.01,-2.63,-2.4,0.3,-0.91,-2.61,-2.16
20200501,-2.01,-6.46,-3.37,-6.33,-1.75,-2.7,-1.48,-2.63,-3.83,-1.92,-3.3,-2.82
20200504,-0.29,3.22,-1.04,3.85,-0.03,1.27,-0.87,0.84,0.9,0.6,-0.3,-0.83
20200505,0.21,0.76,0.55,-0.03,0.47,1.54,-0.36,0.96,0.5,2.24,0.22,0.42
20200506,-0.49,0.81,-1.12,-2.61,-1.64,0.79,-1.77,-3.42,0.2,-0.64,-1.87,-1.35
20200507,-0.04,0.66,1.04,2.28,0.58,1.66,1.88,0.74,0.88,0.15,1.95,1.7
20200508,2.84,4.36,3.39,4.58,2.99,1.28,2.74,2.25,1.44,0.76,2.25,2.41
20200511,-0.59,-1.46,-1.35,-1.78,-0.67,0.88,-1.16,-0.55,0.62,2.51,-1.79,-1.29
20200512,-1.12,-1.73,-3.08,-1.99,-1.24,-2.02,-2.06,-1.11,-2.01,-1.75,-2.95,-2.34
20200513,-1.43,-3.39,-2.83,-4.52,-1.62,-1.73,-1.86,-1.21,-0.98,-1,-3.19,-2.01
20200514,0.27,1.97,1.42,0.93,0.13,0.96,1.5,0.97,0.82,0.48,2.93,1.15
20200515,0.41,0.19,0.07,-0.3,1.21,0.7,0.75,-0.96,1.24,0.98,-0.03,0.07
20200518,2.36,4.99,6.68,8.23,3.03,2.02,4.5,4.48,2.21,1.1,5.11,5.5
20200519,-1.37,-1.15,-1.22,-2.95,-1.97,-0.26,-1.37,-1.7,-0.33,-1.46,-2.19,-0.95
20200520,1.5,1.58,1.71,3.84,1.54,2.27,1.42,0.86,1.19,0.61,2.25,2.07
20200521,-0.88,0.95,0.3,-1.31,-0.85,-1,-0.63,-0.94,-0.31,-0.8,-0.51,-0.67
20200522,0.31,-0.42,-0.26,-0.7,0.56,0.76,0.17,1.05,-0.19,0.3,-0.24,0.2
20200526,1.56,2.65,4.32,2.81,1.15,-0.18,1.72,1.04,0.49,-0.95,4.68,2.7
20200527,2.08,1.77,3.63,1.06,1.66,0.53,2.05,1.04,1.05,0.56,3.72,2.67
20200528,-0.02,-2.28,-1.14,-3.05,1.04,-0.23,-1.03,2.39,-0.33,0.99,-1.43,-1.49
20200529,0.08,0.68,-0.79,-0.35,0.15,1.32,0.84,0.76,0.85,1.46,-1.09,0.11
20200601,0.89,4.26,0.56,1.91,0.51,0.41,0.1,0.97,0.48,-1.07,0.97,0.62
20200602,0.36,-0.08,1.01,2.97,1.35,0.76,0.61,0.62,0.68,0.56,0.88,1.15
20200603,1.07,2.08,4.2,3.08,1.22,0.61,1.67,1.39,0.81,-0.31,2.96,2.86
20200604,0.02,0.28,0.98,-0.12,-0.98,-1.01,0.46,-1.61,-0.62,-1.07,1.22,0.38
20200605,2.16,3.86,3.8,7.97,2.02,2.23,1.35,1.78,1.51,1.2,3.86,3.06
20200608,1.52,4.03,1.99,4.54,0.76,0.64,1.95,2.93,1.19,0.84,1.72,1.24
20200609,-1.4,-1.78,-2.42,-3.67,-0.8,0.41,-2.02,-2.36,0.29,-0.93,-1.58,-2.17
20200610,-0.75,1.71,-2.41,-5.16,-0.42,1.26,-0.85,-0.84,-0.28,0.18,-3.18,-1.82
20200611,-5.27,-6.39,-7.66,-9.27,-5.2,-5.47,-5.27,-4.74,-3.99,-5.32,-7.88,-7.02
20200612,0.66,-0.21,2.32,3.19,0.64,1.23,1.11,-0.14,0.13,0.79,2.64,1.88
20200615,1.55,3.01,1.27,-0.21,0.9,1.22,0.75,1,0.77,0.7,0.99,1.14
20200616,1.85,0.44,2.37,2.98,1.59,2.01,0.74,0.55,2.09,2.38,1.78,1.53
20200617,-0.34,-0.32,-0.72,-3.59,-0.24,0.06,-0.89,-0.65,0.12,-0.13,-1.37,-0.38
20200618,0.51,0.41,-0.3,1.14,0.33,0.34,0.8,0.04,-0.21,-0.03,-0.02,-0.25
20200619,-1.26,-0.33,-0.97,-1.57,-0.58,-0.37,-1.15,-2.93,0.1,1.34,-0.67,-1.05
20200622,-0.12,-0.15,0.29,0.44,-0.29,1.64,-0.51,1.15,1.03,-0.1,-0.1,0.44
20200623,-0.19,0.4,0.11,0.11,-0.18,0.67,0.14,-1.05,0.75,0.23,0.5,0.72
20200624,-2.23,-3.91,-3.37,-5.6,-1.91,-2.27,-2.25,-1.28,-1.63,-2.53,-3.79,-3.33
20200625,0.62,1.64,1.09,1.92,1.2,1.14,0.37,-0.92,0.32,1.11,2.55,1.09
20200626,-2.31,-2.07,-2.31,-3.57,-1.94,-2.43,-2.16,-1.38,-1.84,-1.38,-4.16,-2.3
20200629,2.13,3.89,3.54,1.65,2.06,1.18,2.17,1.92,1.12,0.57,1.54,2.18
20200630,0.84,3.73,0.7,2.1,1.45,1.88,0.56,0.74,1.57,1.79,1.61,1.46
20200701,0.08,1.3,-1.14,-2.49,-0.06,0.72,0.64,1.79,1.58,0.74,-0.75,0.26
20200702,0.35,4.51,1.08,1.19,1.29,0.49,-0.36,0.4,0.24,0.69,0.2,0.27
20200706,0.69,7.64,1.63,0.45,0.76,1.85,1.5,-1.18,2.81,0.75,1.51,2.01
20200707,-0.05,-0.17,-2.2,-3.18,0.17,-0.77,-0.7,-0.52,-0.75,-0.25,-2.43,-1.18
20200708,-0.22,-0.84,0.17,0.07,-0.38,1.67,0.56,0.62,0.93,0.28,0.81,0.95
20200709,-1.74,0.09,-1.99,-4.81,-0.78,0.56,-0.99,-1.59,1.15,-0.49,-2.39,-1.51
20200710,2.36,6.99,1.65,3.26,1.44,0.06,1.85,1.93,0.92,-0.39,2.71,1.98
20200713,-0.34,-1.84,-0.09,-0.66,0.14,-2.43,-1.12,0,-1.7,-0.29,0.19,-0.76
20200714,1.54,1.95,2.43,3.61,1.74,1.04,1.49,1.07,0.82,1.9,0.96,1.79
20200715,0.71,2.65,2.12,1.92,0.91,0.54,1.05,0.02,0,1.86,2.12,2.49
20200716,0.27,-1.41,-0.23,-0.44,0.19,-0.91,0.38,1.09,-0.08,-0.44,-0.33,-0.03
20200717,0.49,-0.45,-0.05,-1.62,0.65,0.52,0.07,1.97,-0.4,1.76,-0.61,0
20200720,-1.19,4.83,-0.7,-1.65,-0.95,2.62,-0.65,-1.5,2.93,0.36,-0.25,-0.44
20200721,1.57,-1.94,1.59,6.31,0.25,-0.92,0.63,0.94,-0.15,-0.67,1.69,0.34
20200722,0.91,1.34,0.94,-1.22,1,0.56,-0.02,1.2,0.28,0.61,0.19,0.47
20200723,0.39,-2.23,-0.06,-0.05,0.03,-2.49,-0.38,0.03,-1.75,-0.78,0.06,-0.65
20200724,-0.08,-3.84,-0.82,-0.65,-0.33,-1.06,0.45,-0.71,0.24,-1.41,-0.73,-0.5
20200727,0.94,5.04,0.69,0.17,0.91,1.67,-0.24,-1.34,0.81,1.15,-0.58,0.71
20200728,-0.26,-2.4,-0.95,-1.81,-0.71,-1.3,0.16,1.43,-1.1,-0.33,-0.43,-0.65
20200729,0.62,1.22,1.02,2.03,0.98,1.74,0.4,0.79,1.13,0.43,2.15,1.46
20200730,-0.85,-1.23,-1.09,-4.09,-0.03,0.63,-0.19,-0.25,0.09,-0.26,-1.55,-0.69
20200731,-0.4,-2.61,-0.84,-0.52,0.1,2.14,0.46,0.07,1.21,-0.82,-0.4,-0.04
20200803,-0.28,2.85,1.19,0.28,-0.54,2.01,0.16,-0.88,-0.3,1.51,0.19,1.05
20200804,0.6,0.28,0.29,2.11,1.49,0.05,1.17,1.34,1.13,-0.36,-0.17,0.72
20200805,0.37,0.84,2.25,1.23,0.72,0.35,0.65,-1.02,0.83,0.25,2,1.22
20200806,-0.23,-0.12,-0.4,-0.65,-0.33,1.42,0.98,0.35,0.42,-0.63,-0.04,1.04
20200807,0.65,-0.95,1.13,0.17,0.74,-1.33,0.86,1.82,-0.28,0.2,1.81,0.89
20200810,0.43,-0.24,2.48,3.24,0.93,-0.56,0.34,0.18,0.29,-0.56,0.55,1.36
20200811,-0.19,-1.16,0.32,-0.36,-0.25,-1.83,-0.31,-1.97,-0.97,-1.11,1.04,-0.27
20200812,1.15,6.42,0.42,1.15,1.37,2.11,0.55,1.39,1.74,1.47,-0.04,0.56
20200813,-0.03,1.87,-0.46,-1.98,-0.12,0.41,-0.12,-0.46,-0.07,0.11,-0.72,-0.1
20200814,-0.09,1.07,0.4,1,-0.19,-0.28,0.3,-0.52,0.07,-0.44,0.39,-0.05
20200817,0.24,6.55,-0.53,-0.65,0.1,0.69,-0.25,-0.17,1.28,1.3,-0.94,-0.22
20200818,0.29,1.32,-0.55,-1.37,0.11,0.66,-0.04,-0.57,1.3,-0.05,-0.9,0.03
20200819,-0.66,-0.52,-0.18,-1.14,-0.41,-0.29,-0.34,-0.36,-0.87,-0.48,0.18,-0.44
20200820,-0.15,3.45,-0.85,-2.19,-0.18,1.4,-0.12,-0.95,-0.02,-0.03,-0.7,0.18
20200821,-0.13,1.08,0.04,-0.79,0.23,0.79,-0.24,0.05,0.23,-0.21,-0.23,0.21
20200824,1.36,-0.12,1.99,2.86,1.38,0.64,1.35,1.02,0.75,-0.56,1.8,1.44
20200825,-0.17,-0.07,-0.41,-1.22,-0.11,0.74,-0.41,-0.96,0.51,0.83,0.36,0.13
20200826,0.38,4.01,0.03,-2.31,0.14,2.4,0.82,-1.39,1.39,-0.18,-0.68,1.06
20200827,0.34,2.44,-0.08,0.3,-0.09,-0.47,0.31,0.47,-0.18,0.59,1.56,0.31
20200828,1.01,-0.26,0.97,1.71,0.75,0.77,0.45,0.39,0.51,0.1,0.8,1.13
20200831,-0.51,7.23,-1.3,-2.3,-0.86,0.44,-0.63,0.07,0.15,0.62,-1.37,-0.8
20200901,-0.12,-2.55,1.39,-0.76,1.15,2.16,0.07,-1.13,1.46,-1.26,0.18,1.19
20200902,2.36,-2.97,1.89,-0.74,2.06,1.08,1.33,2.73,1.08,1.82,1.45,1.2
20200903,-1.85,-6.89,-3.15,-0.8,-2.38,-5.68,-1.41,-1.12,-3.51,-3.01,-1.7,-2.88
20200904,-0.11,1.68,0.01,-0.33,0,-1.79,-0.43,-0.57,-1.5,-0.66,0.2,-0.23
20200908,-1.97,-12.48,-2.32,-4.06,-1.74,-4.16,-0.54,-0.83,-2.64,-1.64,-2.82,-0.95
20200909,1.08,6.2,1.42,0.58,2.12,2.95,0.68,1.18,2.41,1.98,1.05,1.19
20200910,-0.85,0.13,-1.22,-3.76,-0.98,-1.98,-1.05,-1.88,-1.91,-1.59,-1.57,-1.06
20200911,0.58,0.49,1.32,0.23,0.92,-0.67,0.01,0.2,-0.6,0.35,0.3,0.48
20200914,0.88,8.07,1.55,0.6,0.92,1.6,0.82,1.44,0.57,2.37,1.82,1.4
20200915,0.05,4.39,-0.24,-0.75,0.02,1.18,0.99,0.44,0.99,0.44,-1.13,0.44
20200916,-0.56,-1.15,0.83,4.02,-0.35,-1.55,0.35,0.23,-1,0.13,0.97,0.36
20200917,-0.96,-2.52,0.1,0.35,0.28,-1.14,-1.23,-0.82,-1.23,-0.2,-0.76,-0.76
20200918,-1.27,2.16,-1.04,-0.96,-1.17,-1.37,-0.73,-1.74,-1.16,0.09,-0.44,-0.75
20200921,-1.31,0.14,-3.15,-3.32,-1.99,0.54,-1.61,-0.69,-0.53,-1.88,-2.89,-2.28
20200922,0.54,-3.46,1.17,-1.04,0.78,1.77,1.28,0.58,2.76,0.25,-0.69,0.67
20200923,-1.61,-6.95,-1.2,-4.59,-1.92,-2.92,-2.4,-1.84,-2.65,-1.37,-2.21,-2.31
20200924,0.47,0.97,-0.03,0.16,0.54,0.44,0.34,1.09,0.27,-0.8,0.36,0.22
20200925,0.85,3.08,1.17,0.06,0.63,2.39,0.75,1.48,1.44,1.75,1.37,1.54
20200928,1.52,3.16,1.87,2.33,0.99,1.66,1.37,0.46,1.97,0.7,2.14,1.89
20200929,-0.77,-0.65,-0.44,-2.73,-0.63,-0.05,-0.53,-0.13,-0.67,0,-0.78,-0.87
20200930,1.09,1.78,0.04,-0.16,0.99,0.67,0.05,0.72,0.81,1.28,1.2,0.62
20201001,0.74,3.37,0.18,-2.99,-0.43,1.18,0.34,0.69,1.58,-0.27,0.73,0.7
20201002,-0.1,-4.23,0.75,0.98,0.15,-2.21,-1,1.22,-1.18,-1.25,0.64,0.17
20201005,0.84,2.61,2.1,3.01,1.39,2.25,0.99,1.4,1.69,2.44,1.99,1.28
20201006,-0.88,-2.01,-0.98,-1.52,-0.53,-1.41,-1.31,0.66,-2.01,-1.32,-0.97,-1.32
20201007,1.71,2.84,2.03,1.48,1.61,1.72,1.01,0.74,2.14,1.98,1.92,2.19
20201008,0.74,0.6,0.97,3.79,0.77,0.6,0.8,1.96,0.46,0.49,1.15,0.9
20201009,0.79,1.14,0.46,-1.47,0.74,1.53,0.12,-0.23,1.35,0.78,0.42,0.51
20201012,1.15,1.44,0.43,0.35,0.47,2.67,0.94,0.68,2.19,0.57,0.96,0.36
20201013,-0.11,0.62,-0.72,-1.68,-0.48,-0.22,0.18,-0.74,0.34,-0.44,-1.5,-0.94
20201014,-0.44,1.61,0.13,0.09,0.11,-0.61,-1.74,-0.04,-1.34,-0.66,-1.23,-0.24
20201015,0.16,-1.37,0.62,1.35,0,-0.41,-0.17,0.01,0.18,-0.93,0.7,0.29
20201016,-0.31,-0.97,0.33,-1.99,0.39,-0.12,-0.11,0.76,-0.8,0.71,0.26,-0.13
20201019,-1.23,-1.41,-1.01,-2.32,-1.45,-1.64,-2,-0.88,-1.62,-1.61,-1.6,-1.27
20201020,-0.57,-0.67,0.23,1.16,0.35,0.43,-0.04,0.63,0.45,-0.24,0.73,0.89
20201021,-0.27,0.08,-0.66,-1.92,0.11,0.13,0.19,-0.33,-0.62,-1.02,-0.19,-1.43
20201022,0.71,1.26,0.74,4.18,-0.05,0.01,1.43,1.71,-0.25,1.46,1.78,0.7
20201023,0.28,-0.58,0.36,-0.39,0.57,0.39,-0.05,0.22,0.73,0.35,0.39,0.58
20201026,-1.72,-1.07,-2.36,-3.67,-1.59,-2.08,-1.97,-0.4,-1.18,-0.97,-2.37,-2.36
20201027,-0.34,0.25,-1.93,-1.43,-0.54,0.68,-0.56,-0.18,0.67,-0.51,-1.83,-1.2
20201028,-3.02,-3.83,-3.05,-4.37,-2.81,-4.07,-2.65,-2.95,-3.04,-3.04,-3.32,-2.83
20201029,0.15,1.16,1.33,3.23,0.96,1.84,1.38,0.36,0.63,-0.1,0.67,1.37
20201030,-0.88,-3.83,-0.52,0.15,-0.37,-2.31,0.4,-0.82,-2.79,-0.77,0.06,-0.68
20201102,1.75,2.6,2.66,3.95,2.33,0.26,-0.01,2.03,0.54,1.28,2.14,2.02
20201103,1.44,4.22,2.75,-0.78,1.44,1.76,1.42,1.44,2.14,1.38,2.53,2.31
20201104,0.31,-0.88,-1.02,0.05,-0.59,4.32,1.31,-1.57,2.76,3.99,0.51,0.84
20201105,0.91,3.96,2.94,0.28,2.37,2.72,1.86,0.91,1.96,0.23,2.34,2.23
20201106,-0.14,-0.74,0.08,-1.79,0.54,0.5,0.57,-0.54,0.15,-0.2,-1.24,0.05
20201109,0.95,-1.05,2.94,14.04,-0.4,-2.02,3.46,2.57,-2.29,0.93,7.86,2.5
20201110,2,-0.56,1.65,3.06,1.33,-1.99,1.13,1.94,-0.55,0.53,0.53,1.37
20201111,0.77,1,-0.54,-0.68,-0.26,2.37,-0.1,0.25,1.53,0.15,-0.85,-0.08
20201112,-0.81,-1.49,-1.38,-3.55,-1.04,-0.62,-0.43,-1.83,-0.85,-0.55,-1.41,-1.15
20201113,1.23,0.71,2.23,3.84,1.63,0.8,1.7,1.31,1.06,1.34,1.65,1.88
20201116,1.7,0.89,2.58,6.41,0.81,0.73,1.25,1.11,1.05,-0.07,1.92,1.98
20201117,-0.02,4.56,0.19,0.93,-0.23,-0.34,0.22,-1.54,-0.81,-0.18,-0.36,-0.22
20201118,-1.22,5.99,-0.52,-2.81,-1.14,-1.12,-0.8,-2.04,-0.75,-1.55,-1.08,-0.72
20201119,0.39,2.09,0.51,1.48,0.04,1.08,-0.03,-0.62,0.66,0.35,-0.12,0.24
20201120,-0.34,-1.12,-0.61,-0.61,-0.18,-0.62,0,0.03,-0.56,0.2,-1.04,-0.64
20201123,0.45,5.02,1.97,7.33,0.82,-0.17,1.03,0.47,0.66,-0.16,1.86,1.21
20201124,1.12,4.87,1.79,5.32,1.34,1.14,2.19,1.52,0.96,0.03,3.08,1.67
20201125,-0.47,1.47,-0.85,-2.42,-0.61,0.46,-0.64,0.03,0.63,-0.12,-0.56,-0.31
20201127,0,1.15,0.07,-1.28,0.27,0.84,-0.01,-0.97,0.27,1.47,-0.18,-0.05
20201130,-0.37,-2.25,-1.44,-5.64,-0.35,0.45,-0.46,-1.67,-0.42,0.46,-1.92,-0.98
20201201,1.03,2.1,0.58,0.49,0.56,1.19,0.99,0.63,0.96,0.6,1.66,0.52
20201202,-0.54,-2.01,0.19,3.09,-1,0.02,0.92,0.73,-0.74,0.31,1.08,0.33
20201203,1.05,2.85,0.53,1.04,-0.47,-0.01,0.21,-0.83,-0.17,0.01,-0.03,0.43
20201204,1.39,1.17,1.48,5.59,1.15,0.77,0.32,-0.38,-0.04,1.27,1.53,1.24
20201207,-0.42,4.35,-0.28,-2.43,-0.46,0.35,0.29,0.23,-0.38,-0.33,-0.53,-0.1
20201208,0.57,0.86,0.69,1.73,0.69,0.37,0.21,-0.18,0.38,1.34,0.15,-0.06
20201209,-0.04,-4.21,-0.37,0.33,-0.29,-1.95,-0.18,-0.1,-0.68,-0.45,-0.35,-0.5
20201210,-0.19,1.95,-0.54,3.48,-0.57,0.53,-0.68,-0.23,-0.15,0.53,-0.15,-0.13
20201211,-0.14,-1.95,-0.04,-1.16,-0.05,-0.03,2.79,0.08,-0.12,-0.33,-0.93,-0.29
20201214,-0.12,2.72,-0.97,-3.55,-0.69,0.18,-1.34,-0.73,0.3,-0.21,-0.71,-0.85
20201215,0.63,-0.03,1.78,1.74,1.23,1.49,1.05,2.11,0.84,0.97,1.7,1.25
20201216,0.24,-1.19,-0.69,-0.36,0.15,0.6,-0.61,-1.21,0.91,-0.35,0.12,-0.23
20201217,0.81,3.68,0.32,-0.46,0.86,0.67,-0.04,0.6,0.45,1.37,0.51,1.19
20201218,0.23,3.75,-0.27,-1.54,0.49,-0.07,-0.23,-1.02,-0.67,0.16,-0.71,-0.12
20201221,-0.99,-4.18,0.17,-1.64,-0.89,0.09,-1.11,-1.4,-0.05,-0.5,0.5,-0.44
20201222,-0.39,-0.95,-0.5,-1.72,-0.31,0.91,-0.59,-0.13,-0.21,0.01,-0.9,-0.19
20201223,0.7,1.11,0.41,2.46,-0.09,-0.66,0.87,-0.06,-0.28,0.14,1.44,0.23
20201224,0.3,1.41,0.17,-0.72,0.7,0.38,0.29,0.6,-0.08,-0.07,0.22,0.27
20201228,0.35,-0.07,-0.27,-0.5,-0.03,0.8,0.96,0.26,1.63,-0.56,0.82,0.1
20201229,-0.38,-0.06,-0.72,-0.65,-0.3,-0.64,0.09,-0.19,0.06,-0.04,-0.37,-0.22
20201230,0.23,3.08,1.09,1.89,0.35,-0.21,0,0.53,-0.37,0.28,0.67,0.56
20201231,0.53,0.82,0.15,-1.01,0.75,0.26,0.96,1.39,-0.17,0.48,1.08,0.52
20210104,-1.67,1.6,-1.86,0.21,-1.31,-1.65,-1.25,-2.32,-1.22,-0.8,-1.19,-1.83
20210105,0.34,1.22,1.7,4.83,1.75,0.89,-0.24,0.31,0.74,0.74,0.26,0.78
20210106,0.27,2.98,2.96,2.94,2.06,-1.46,1.17,2.65,0.3,0.83,4.18,1.68
20210107,0.25,6.06,1.11,1.53,0.28,2.8,0.11,-1.11,0.68,1.53,1.55,1.12
20210108,0.54,5.33,-0.62,-0.12,-0.2,0.87,-0.11,0.59,0.64,0.32,-0.21,-0.1
20210111,-1.19,-5.04,0.46,1.67,-0.16,-1.09,-0.11,-0.63,-0.67,0.7,0.21,-0.29
20210112,-0.15,4.26,1.15,3.41,0.68,-0.25,-1.56,-0.03,0.8,-0.48,0.67,0.78
20210113,0.07,0.27,-1.02,-0.9,-0.61,0.35,-0.11,1.55,0.12,0.39,-0.33,-0.37
20210114,-0.23,-0.06,0.97,3.17,-0.78,-0.63,-0.13,-0.21,-0.57,0.68,-0.23,0.22
20210115,-0.51,-2.16,-1.54,-4.04,-0.73,-0.72,-0.22,0.78,-0.45,0.18,-1.42,-1.22
20210119,-0.16,2.62,1.04,2.33,-0.03,1.63,0.23,-0.49,-0.25,1.18,0.39,0.66
20210120,0.47,1.01,0.34,0.4,-0.18,2.18,0.65,0.39,2.27,0.49,0.01,2.03
20210121,-0.37,0.03,-0.49,-3.41,-0.84,0.97,-0.27,-0.78,0.61,-0.68,-0.9,-0.87
20210122,-0.21,0.19,-0.22,-0.42,-0.6,0.09,0.1,0.19,0.01,0.25,-0.73,-0.69
20210125,0.8,2.39,-0.81,-0.86,0.63,0.53,0.81,1.64,-0.08,1.12,-0.72,-0.48
20210126,0.69,-0.18,-1.13,-2.32,-0.58,-0.14,0.63,-0.85,0.63,-0.53,-0.87,-0.92
20210127,-1.43,-2.08,-2.74,-0.88,-2.36,-2.38,-3.12,-2.36,-2.32,-2.87,-3.19,-3.08
20210128,0.28,-2.35,1.34,1.14,1.2,0.76,2.37,1.03,0.03,1.07,2.01,1.91
20210129,-1.98,-4.08,-1.93,-3.45,-2.3,-1.99,-2.39,-0.66,-1.36,-0.65,-2.11,-1.93
20210201,0.36,4.68,1.52,0.98,1.04,2.53,0.76,0.58,1.58,0.58,1.3,1.55
20210202,1.1,2.97,1.92,1.14,0.88,1.48,1.49,0.69,1,0.44,2.43,1.98
20210203,0.01,-0.74,0.06,4.16,0.1,0.29,-0.38,-0.02,-0.37,-0.23,0.33,-0.01
20210204,1.55,-0.06,1.06,0.99,-0.2,1.17,1.41,0.63,1.07,1.11,2,1.49
20210205,0.76,0.52,0.64,1.06,1.03,0.56,-0.17,0.59,0.66,1.05,-0.1,0.9
20210208,0.62,1.54,1.6,4.52,0.79,0.9,1.32,-0.43,0.31,0.84,0.97,0.99
20210209,0.12,-0.72,-0.04,-1.27,-0.79,0.08,-0.05,0.07,-0.12,-0.23,0.26,0.51
20210210,-0.01,-3.71,-0.02,1.9,-0.26,0.01,0.22,0.63,-0.37,-0.14,0.06,0.12
20210211,-0.28,0.3,0.5,-1.49,0.44,0.79,0.22,-0.64,-0.54,0.03,0.11,-0.1
20210212,0.39,0.33,0.55,1.45,0.29,0.64,-0.35,-0.54,0.23,0.45,0.49,0.98
20210216,-0.59,-1.72,0.18,2.87,-0.19,-0.27,-0.34,-0.79,-0.26,-1.06,1.09,0.09
20210217,0.01,-0.18,-0.4,1.39,-0.12,-0.86,1.32,0.24,0.63,0.21,0.13,-0.28
20210218,0.46,-1.4,-1.03,-2.3,-0.36,-0.6,-0.69,0.13,-0.36,-1.01,-0.28,-0.56
20210219,-1.03,0.15,2.18,1.76,0.01,-0.12,-0.54,-1.04,-0.78,-0.35,0.93,1
20210222,0.15,-5.69,-0.54,3.41,0,-2.56,1.09,-1.58,-1.22,-0.96,1.12,0.3
20210223,0.08,-1.92,0.27,1.58,0.09,-0.37,0.98,0.85,-0.59,-0.75,0.82,0.47
20210224,0.42,4.66,2.33,3.65,0.81,0.82,0.42,-0.68,-0.33,0.93,2.19,1.58
20210225,-1.57,-6.39,-2.45,-1.99,-1.67,-3.52,-2.02,-1.06,-2.48,-1.51,-2.11,-2.51
20210226,-1.16,-0.52,-0.56,-2.23,-1.25,0.71,-0.48,-2.26,0.33,-0.64,-1.38,-0.64
20210301,1.53,5.21,3.08,2.53,1.82,3.14,2.28,2.25,1.83,1.42,2.77,2.48
20210302,-0.04,-2.87,-0.95,-0.63,-0.05,-1.68,-0.24,-0.34,-1.2,-0.91,-0.37,-0.21
20210303,-0.79,-3.49,-0.37,1.52,-0.71,-2.87,-0.32,-0.87,-1.82,-2.18,0.58,-0.35
20210304,-0.68,-4.07,-2.11,2.65,-1.6,-2.03,-0.52,0.26,-1.26,-2.15,-1.09,-2.32
20210305,2.42,-1.25,2.37,4.12,2.75,1.75,2.38,1.77,1.32,1.83,2.08,2.58
20210308,0.86,-3.06,0.31,-0.06,0.81,-2.97,2.55,1.38,0.31,-0.93,1.56,0.66
20210309,0.5,11.59,0.55,-1.93,-0.09,3.59,-1.38,0.68,1.94,1.36,-0.55,0.56
20210310,0.94,0.33,1.66,2.69,1.52,-0.43,1.59,1.16,0.93,0.33,1.64,1.15
20210311,-0.16,3.04,1.07,0.42,0.15,2.63,-0.46,-0.4,1.09,1.27,0.38,0.74
20210312,0.32,0.31,1.12,0.1,0.5,-0.93,0.94,1.3,0.49,0.07,1.07,0.36
20210315,0.83,1.32,1.02,-1.31,0.19,1.19,0.21,1.19,0.65,0.8,-0.28,0.39
20210316,-0.22,-3.57,-1.18,-2.86,-0.25,0.45,0.33,-0.17,-0.22,-0.13,-0.85,-1.26
20210317,0.28,3.09,1.22,0.77,0.32,0.13,-0.15,-1.39,0.46,-0.2,0.4,0.65
20210318,-0.43,-5.1,-1.06,-5.01,-0.37,-3,-1.07,-0.64,-1.81,-1.6,0.24,-1.04
20210319,0.52,0.45,-0.85,0.36,-0.41,0.59,-0.38,0.4,1.24,0.76,-1.26,-0.03
20210322,0.73,0.96,0.02,-1.26,0.76,1.57,1.13,-0.26,0.66,1.01,-1.14,-0.42
20210323,-0.87,-2.21,-2.43,-1.71,-0.58,-0.68,-1.21,1.1,-0.28,-1.85,-1.48,-1.77
20210324,-0.83,-3.56,0.37,2.36,0.3,-1.8,-2.01,0.32,-1.03,-1.17,0.3,-0.08
20210325,1.19,1.68,1.2,0.31,1.16,-0.04,0.3,1.13,0.73,0.6,1.45,1.14
20210326,2.12,-1.7,2.29,2.65,1.85,1.92,-1.58,0.64,1.38,1.33,1.71,2.22
20210329,0.3,-1.31,-0.48,-1.37,0.29,-0.4,-0.01,0.82,-0.06,-0.33,-1.09,-0.65
20210330,-0.74,3.37,0.69,-0.66,-0.46,-0.68,0.28,-0.93,0.03,-0.34,0.58,0.59
20210331,-0.64,3.04,0.27,-0.94,-0.53,1.66,-0.9,0.6,0.29,1.07,-0.76,-0.1
20210401,-0.05,-0.26,0.95,2.95,0.46,2.07,1.02,0.13,1.07,0.16,1.14,1.51
20210405,0.87,3.57,1.24,-2.65,1.06,2.05,0.45,0.84,1.73,0.44,0.68,1.22
20210406,0.7,0.55,-0.22,-0.19,0.13,-0.04,0.64,0.41,0.18,-0.52,-0.3,0.12
20210407,-0.33,-2.28,-0.61,0.46,-1.1,0.45,-0.52,0.03,0.39,-0.63,0.29,-0.74
20210408,0.24,1.16,0.13,-1.4,0.17,1.41,-0.54,-0.27,0.37,0.37,0.19,0.53
20210409,0.08,-0.38,0.51,-0.51,0.22,0.81,-0.26,-0.15,1.3,0.51,1.01,0.79
20210412,0.68,2.22,0.09,-1.06,0.42,-0.39,-0.23,0.08,0.27,-0.37,0.26,0.16
20210413,-0.39,5.05,-0.69,0.15,-0.74,1.09,-0.04,1.06,0.01,0.68,-0.91,-0.11
20210414,-0.04,-2.6,0.21,3.17,0.43,-1.25,-0.06,0.48,-0.63,0.33,0.77,0.09
20210415,0.71,0.84,0.4,-0.94,0.93,1.79,0.46,1.08,0.93,1.28,0.55,0.76
20210416,0.79,0.11,0.46,-0.89,0.95,-0.2,0.98,0.57,0.75,0.76,0.48,0.48
20210419,-0.65,-2.51,-0.69,-0.13,-0.49,-0.86,-0.46,-0.39,-0.62,-0.49,-0.27,-0.72
20210420,-0.02,-0.52,-1.73,-2.79,-0.19,-0.88,-0.68,1.02,-0.76,0.14,-1.68,-1.23
20210421,1.05,3.05,1.96,1.44,1,0.72,0.81,-0.63,0.76,1.79,1.43,0.82
20210422,-0.46,-2.36,-0.9,-1.29,-1.16,-0.9,0.25,-0.74,-0.9,-0.54,-0.89,-0.43
20210423,0.38,1.58,1.33,1.01,0.73,1.6,0.28,0.03,0.82,0.54,1.87,1.2
20210426,-0.83,1.05,0.5,0.69,-0.42,0.71,-0.25,-0.46,0.16,0.37,0.32,0.06
20210427,0.11,-2.69,0.31,1.37,-0.34,-0.36,-0.18,-0.69,0.39,-0.43,0.56,0.74
20210428,0,-1.1,-0.32,3.33,0.24,-0.41,-0.41,0.13,0.2,-0.25,0.37,-0.03
20210429,0.94,-2.27,0.47,1.11,0.79,0.23,1.86,0.87,0.89,-0.83,1.31,0.45
20210430,-0.45,2.54,-0.94,-2.78,-0.43,-1.36,-0.06,0.56,-0.34,-0.34,-1.07,-0.75
20210503,1.15,-1.91,0.69,2.98,0.63,-0.43,0.02,0.2,0.13,0.84,0.47,1.15
20210504,-0.8,-1.63,0.22,0.14,0.84,-2,-0.02,-0.32,-1.05,-1.09,0.59,-0.03
20210505,-0.11,0.2,0.3,3.23,0.2,-0.22,0.01,-1.31,-0.53,-0.13,0.4,0.11
20210506,1.08,-0.38,0.9,0.29,0.61,0.56,1,0.8,0.93,-0.29,1.08,0.27
20210507,0.28,1.51,1.35,2.02,0.51,0.92,0.86,0.42,0.36,0.68,0.61,1.16
20210510,0.13,-4.55,-0.97,-0.33,0.08,-2.53,-0.09,0.96,-1.03,-0.93,-0.55,-0.41
20210511,-0.82,-1.53,-0.88,-2.45,-0.14,-0.13,-0.76,-1.08,-0.75,-0.44,-1.31,-1.12
20210512,-1.61,-3.86,-3.22,0.33,-2.02,-2.83,-1.27,-2.16,-2.86,-0.99,-1.65,-2.64
20210513,1.48,-0.98,2.09,-1.44,1.56,0.95,0.75,1.78,1.23,0.64,1.85,1.62
20210514,0.64,2.58,1.58,3.4,0.94,2.32,0.57,0.65,1.46,0.98,1.44,1.73
20210517,-0.11,-1.15,0.01,2.28,0.1,-0.59,-2.43,-0.56,0.33,-0.11,0.14,-0.38
20210518,-0.49,-0.28,-1.5,-2.38,-0.9,-0.65,-1.64,-0.08,-0.6,0.08,-1.06,-0.87
20210519,-0.72,-1.76,-0.74,-2.43,-0.55,0.37,-0.82,-0.27,-0.5,-0.38,-0.53,-0.64
20210520,1.02,2.68,0.58,-0.16,0.33,1.96,1.33,0.8,0.46,1.49,0.22,0.49
20210521,-0.09,0.04,0.35,0.28,0.2,-0.5,0.3,0.49,-0.48,-0.27,0.86,0.06
20210524,0.53,2.59,0.88,1.12,0.53,1.81,0.65,-0.08,0.49,0.11,0.38,0.81
20210525,-0.18,-0.45,-0.18,-2.1,-0.23,0.07,-0.39,-1.3,0.21,-0.38,-0.97,-0.54
20210526,0.48,2.36,0.35,1.2,0.15,0.33,0.72,0.08,0.4,-0.12,0.33,0.7
20210527,-0.03,2.13,1.29,0.23,-0.34,-0.28,0.87,-0.51,-0.21,-0.18,0.91,0.92
20210528,0.17,-0.8,-0.04,0.11,-0.09,0.18,-0.17,0.42,-0.19,0.4,0.03,-0.08
20210601,0.04,0.31,0.79,4.12,0.11,-0.32,-0.18,-0.17,-0.13,-1.32,0.49,0.29
20210602,0.41,-1.9,-0.46,1.58,-0.15,0.28,-0.19,0.57,0.15,-0.19,0.08,-0.49
20210603,-0.04,-2.18,-0.3,0.16,0.67,-0.99,-0.38,0.59,-0.78,0.43,0.05,-0.67
20210604,0.36,2.72,0.7,0.59,0.19,1.85,0.73,0.02,0.31,0.63,0.15,0.28
20210607,0.2,0.51,-0.49,-0.37,-0.36,0.3,-0.18,0.34,-0.16,1.51,-0.4,-0.42
20210608,-0.62,-0.04,0.16,0.98,-0.42,0.13,-0.02,-0.59,1.1,-0.32,0.07,0.27
20210609,-0.76,-0.95,-1.04,-0.58,-0.55,0,-0.02,0.7,-0.39,1.29,-0.99,-0.86
20210610,0.15,0.48,-0.5,-0.02,-0.06,0.93,0.23,0.64,0.79,1.79,-0.85,-0.59
20210611,0.66,0.34,0.27,-0.24,0.02,0.53,0.31,0.37,0.48,-0.66,0.48,0.63
20210614,-0.31,0.28,-0.54,-0.36,-0.6,1.03,0.07,-0.06,0.08,0.13,-0.86,-0.53
20210615,-0.41,-1.84,0.2,2.25,-0.01,-0.72,-0.28,0.37,-0.26,-0.57,0.39,-0.02
20210616,-1.02,0.26,-0.99,-0.44,-1.24,-0.45,-0.63,-1.3,-0.21,-0.33,-0.12,-0.69
20210617,-0.13,0.32,-1.63,-3.61,-0.6,1.32,-0.02,-0.08,0.57,0.69,-2.23,-1.08
20210618,-1.67,0.08,-1.46,-2.71,-1.66,-0.84,-1.04,-2.75,-0.86,-1.03,-2.23,-1.32
20210621,1.15,0.62,2.14,4.36,1.46,0.93,1.01,1.67,0.73,1.21,2.46,1.62
20210622,0.37,0.58,0.38,0.82,0.07,0.98,0.23,-0.68,1.15,0.07,0.16,0.35
20210623,-0.54,3.66,0.01,0.49,-0.49,0.03,-0.72,-0.95,-0.07,-0.47,0.15,-0.21
20210624,0.58,2.25,1.05,0.91,0.24,0.63,1.06,0.1,-0.22,0.92,1.07,0.68
20210625,0.66,-0.48,1.11,0.54,0.71,-0.13,0.53,1.07,-0.13,0.43,1.12,0.47
20210628,-0.13,1.14,-0.24,-3.51,-0.07,1.29,-0.45,0.22,0.29,0.1,-1.08,-0.72
20210629,-0.34,-0.6,-0.07,-0.47,-0.23,0.37,-0.56,-1.51,0.13,0.07,-0.29,0.05
20210630,0.62,0.18,0.69,1.31,0.39,-0.36,0.56,0.08,0.25,0.01,0.21,0.34
20210701,-0.06,-0.35,0.19,1.77,0.46,0.13,0.73,1.13,0.05,1.01,0.83,0.76
20210702,0.03,-0.16,0.02,-0.45,0.15,1.15,0.5,0.14,1.02,0.4,0.07,-0.02
20210706,-0.77,-2.4,-1.08,-3.26,-0.81,0.48,-0.79,0.13,1.25,-0.46,-1.31,-0.91
20210707,0.26,-1.77,0.4,-1.68,0.8,0.2,0.19,0.46,0.44,-0.01,-0.02,0.04
20210708,-0.51,0.3,-0.87,-0.31,-0.86,-0.97,-0.45,-0.31,-0.2,-0.16,-1.73,-1.66
20210709,0.76,1.53,1.61,1.97,1.15,1.01,0.8,0.58,0.85,0.46,2.5,1.9
20210712,-0.16,2.78,0.33,-0.11,0.42,0,0.81,0.11,0.08,-0.08,0.98,-0.22
20210713,-0.27,-2.03,-1.12,-0.71,-0.69,0,-0.62,-0.81,-0.83,-0.66,-0.77,-1.03
20210714,0.46,-1.79,-0.55,-3.09,0.25,0.01,-0.11,0.43,0.06,-0.65,-0.36,-0.36
20210715,0.14,-0.6,-0.31,-1.46,0.33,-0.88,0.14,0.99,-0.67,-0.5,0.5,0.05
20210716,-0.5,-1.38,-1.38,-2.91,-0.39,-0.61,-0.71,0.62,-1,0.5,-1.28,-1.19
20210719,-0.6,-0.35,-1.76,-3.67,-1.31,-1.08,-1.95,-1.9,-0.85,-0.37,-3.03,-1.69
20210720,0.77,2.64,2.71,1.44,0.54,1.63,0.96,0.75,1.42,1.49,2.3,2.14
20210721,0.3,-0.03,1.43,3.74,0.3,0.95,0.52,-0.73,0.66,0.62,1.6,1.11
20210722,-0.4,-1.23,-0.53,-1.15,-0.11,0.79,-0.23,0,0.66,0.16,-0.81,-0.52
20210723,1.02,0.23,0.61,-0.47,1.16,1.52,0.41,1.11,1.03,1,0.56,0.36
20210726,0.34,1.6,0.26,2.53,0.57,0,0.64,0.17,0.37,-0.98,0.44,0.21
20210727,-0.07,-1.87,-0.39,-1.25,-0.13,-1.22,0.09,1.33,-0.96,0.16,-0.15,-0.6
20210728,-0.64,0.53,0.51,1.17,-0.43,0.59,-0.48,-0.43,-0.26,1.28,-0.26,0.06
20210729,0.48,3.4,0.93,0.9,0.74,0.1,-0.07,0.17,0.1,-0.15,1.02,0.69
20210730,-0.32,0.3,-0.05,-1.55,0.31,-0.4,0,-0.94,-2.85,-0.14,-0.68,-0.41
20210802,-0.05,1.74,-0.47,-0.81,-0.59,-0.09,0.01,0.59,-0.18,0.16,-0.41,-0.43
20210803,0.29,0.2,1.37,1.96,0.72,0.54,-0.26,0.69,1.01,1.33,0.62,0.58
20210804,-1.47,-1.13,-1.19,-3.15,-1.34,0.29,-0.65,-0.29,-0.76,-0.18,-0.42,-1.07
20210805,0.38,0.66,0.53,1.54,0.32,0.7,0.99,0.89,0.79,0.67,0.86,1.12
20210806,0.33,-1.35,0.48,0.91,0.47,-0.33,0.1,0.05,-0.42,-0.59,1.7,0.44
20210809,0.3,1.1,-0.1,-1.53,-0.05,0,-0.39,-0.1,-0.11,0.61,0.02,-0.47
20210810,0.43,-0.21,0.93,2,0.74,-0.56,0.39,0.28,0.51,-0.82,0.61,0.67
20210811,0.27,0.11,0.84,0.71,0.61,-0.02,0.7,0.8,0.31,-1.35,0.69,0.94
20210812,-0.15,1.14,-0.67,-0.04,-0.09,0.71,-0.08,0.07,-0.21,0.81,-0.18,-0.07
20210813,0.8,-0.95,-0.35,-1.52,0.19,0.34,0.29,0.46,-0.26,0.29,-0.42,-0.3
20210816,0.23,-2.89,0.06,-1.94,-0.02,0.07,-0.44,0.38,0.34,0.41,-0.07,-0.09
20210817,-0.57,-2.78,-1.54,-0.73,-0.71,-0.95,-0.2,-0.02,-1.58,1.21,-0.76,-1.01
20210818,-1.34,1.84,-0.94,-2.18,-1.26,-1.08,-0.76,-0.66,-0.57,-1.31,-1.08,-0.86
20210819,0.25,-2.14,-1.13,-2.77,0,0.57,-0.42,0.07,-0.07,-0.17,-0.6,-0.5
20210820,0.02,0.88,0.41,0.31,0.48,1.31,0.84,1.19,0.92,0.9,0.73,0.63
20210823,0.04,2.6,1.35,3.93,0.4,1.34,0.57,-0.95,0.67,1.01,0.85,0.92
20210824,-0.18,0.86,0.76,1.7,0.06,0.35,-0.12,-0.38,0.47,-0.34,0.64,0.99
20210825,0.13,0.35,0.5,0.88,0.13,0.16,-0.16,0.26,0.11,-0.13,0.75,0.56
20210826,-0.8,-1.39,-0.67,-1.42,-0.36,-0.56,-0.98,-0.48,-0.58,-0.42,-0.75,-0.75
20210827,0.61,1.68,1.29,2.97,0.84,1.21,1.04,0.35,0.52,0.2,1.49,1.24
20210830,0.22,1.43,-0.14,-1.09,0.07,1.08,0.27,0.06,0.93,0.51,-1.26,-0.23
20210831,0.01,0.27,-0.57,-0.52,-0.31,-0.46,0.64,-0.05,0.56,0.08,-0.11,-0.04
20210901,0.62,0.07,-0.33,-1.32,0.44,0.21,0.37,1.13,0.05,0.16,-0.33,0.28
20210902,0.16,-0.29,0.76,2.67,0.34,0.02,0.34,0.95,0.06,1.02,0.22,0.74
20210903,-0.25,-0.15,-0.39,-0.39,-0.56,0.48,-0.34,-0.77,0.08,-0.08,-0.39,-0.64
20210907,-1.34,1.44,-1.53,-0.41,-0.74,-0.04,-0.66,-1.28,-0.19,-0.57,-0.41,-0.36
20210908,0.5,-0.2,-0.4,-1.13,-0.12,-0.69,0.06,1.6,0.33,-0.29,-0.38,-0.5
20210909,-0.14,0.08,0.06,0.27,-0.04,-0.3,-0.77,-0.61,-0.46,-1.04,0.17,-0.26
20210910,-0.01,-1.73,-0.32,-0.08,-0.18,-0.95,-0.66,-1.35,-0.49,-0.71,-1.01,-0.44
20210913,0.19,1.02,0.1,3.04,0.41,-0.13,0.76,0.07,-0.06,-1.02,1.15,0.25
20210914,-0.64,-0.23,-1,-1.7,-0.86,-0.12,-2.56,-0.47,-0.52,-0.33,-1.38,-1.24
20210915,0.67,1.46,1.05,3.95,0.29,0.85,0.93,0.29,0.6,0.62,1.04,0.75
20210916,-0.16,-0.06,-0.69,-1.02,-0.63,0.05,0.11,-0.96,0.62,-0.04,-0.12,-0.15
20210917,-0.72,0.22,-1.03,-0.87,-1.07,-1.2,-0.21,-1.43,-0.52,-0.07,-0.23,-0.56
20210920,-1.11,-3.45,-1.71,-2.98,-1.44,-1.98,-1.45,-0.45,-2.01,-1.37,-2.29,-1.35
20210921,-0.29,0.81,-0.67,0.47,-0.08,0.21,-1.39,-0.2,-0.04,0.48,-0.05,-0.12
20210922,0.43,1.79,1.6,3.24,0.76,1.05,0.76,0.22,0.84,0.1,1.41,0.82
20210923,0.55,0.88,1.72,3.43,1.08,1.11,0.74,-0.04,0.8,1.05,2.39,1.44
20210924,-0.25,1.72,-0.64,0.79,-0.23,0.14,-0.22,-0.11,0.31,-0.91,0.56,0.27
20210927,-0.02,1.9,0.71,3.81,-0.03,-1.05,0.36,-0.58,0.01,-1.08,1.28,0.3
20210928,-1.4,-1.57,-1.67,0.21,-1.06,-3.22,-1.4,-1.15,-2.11,-1.86,-1.64,-1.54
20210929,0.72,0.15,-0.14,0.06,0.36,-0.33,0.52,1.16,0.24,0.43,0.19,-0.12
20210930,-2.12,-0.94,-1.81,-1.17,-1.48,-0.43,-0.94,-0.92,-1.76,-0.61,-1.61,-1.07
20211001,0.71,0.25,1.23,3.29,1.3,1.32,1.63,0.24,0.15,-0.05,1.77,1.69
20211004,-0.26,0.45,-0.69,1.9,-0.59,-2.49,-0.45,1.48,-1.57,-1.73,-1.08,-0.99
20211005,0.45,0.2,0.95,0.66,0.87,1.51,0.43,-0.11,0.62,0.43,1.45,1.18
20211006,0.7,0.11,-0.25,-1.36,0.42,0.73,-0.13,1.2,0.46,-0.53,0.26,0.45
20211007,0.51,1.87,1.25,0.83,0.83,1.04,0.62,-0.23,1.34,1.09,0.98,0.89
20211008,-0.36,-0.39,-0.52,2.98,-0.4,-0.36,-2.17,-0.39,-0.37,-0.93,0.47,-0.05
20211011,-0.26,0.37,-0.55,-0.49,0.12,-0.6,-2.45,-1.11,-0.74,-0.67,-1.12,-0.75
20211012,0.39,1.52,-0.01,-0.16,0.16,-0.31,-0.72,0.71,0.08,-0.1,-0.16,0.05
20211013,0.54,0.32,0.25,-0.07,0.33,0.91,0.17,1.1,0.47,0.29,-0.49,0.17
20211014,1.11,0.92,1.47,1.12,1.74,2.05,1.38,1.3,1.26,1.17,1.89,1.61
20211015,-0.45,2.02,0.6,0.4,0.34,0.42,0.05,-0.15,1.36,-0.11,1.58,0.59
20211018,-0.37,2.09,0.19,0.28,-0.57,1,-1.11,-0.88,1.05,-0.83,0.07,0.19
20211019,0.16,-0.45,0.44,0.91,-0.41,0.9,1.02,1.03,0.22,1.53,0.85,0.24
20211020,0.68,0.49,0.49,0.79,0.39,-0.15,1.33,1.42,-0.07,0.77,1.01,0.25
20211021,-0.18,2.41,0.07,-1.62,0.19,0.56,-0.82,-0.4,1,0.44,-0.16,0.55
20211022,0.22,0.74,0.1,1.11,0.45,-1.17,-0.52,0.54,-0.86,-0.02,1.14,0.34
20211025,-0.1,8.59,0.36,1.68,0.38,0.35,0.13,-0.18,0.34,0.27,0.16,0.53
20211026,0.28,-0.7,-1.45,0.67,0.93,0.08,-0.19,0.31,0.12,0.38,-0.11,0.38
20211027,-0.73,0.69,-0.97,-3.05,-1.45,0.22,-1.51,-0.79,-0.29,-1.04,-2.45,-1.25
20211028,0.8,3.53,1.54,0.63,1.16,0.99,0.14,0.65,0.96,1.37,0.99,1.23
20211029,-0.14,2.44,-0.04,-0.45,-0.21,0.66,-1.04,-0.7,-0.59,0.55,-0.08,-0.04
20211101,0.46,6.94,1.04,1.69,0.16,-0.16,0.85,0.58,-0.03,0.61,0.51,0.42
20211102,0.12,-2.2,0.23,-1.01,1.32,0.62,0.08,-0.07,0.18,0.82,-0.09,0.14
20211103,1.25,2.93,0.41,-0.87,1.16,0.52,1.14,-0.23,1.64,0.86,0.81,0.43
20211104,-0.13,1.19,0.77,-0.02,-0.1,1.23,-0.69,-0.56,1.33,-0.63,-1,-0.36
20211105,0.35,-0.52,1.51,1.64,1.06,0.05,1.62,1.03,0.45,-0.85,0.62,1
20211108,-0.98,-3.18,0.34,0.97,0.12,0.66,-0.19,-1.2,-0.68,0.14,0.59,0.4
20211109,0.38,-8.58,0.13,0.41,0.32,-0.12,-0.31,0.42,0.99,-0.74,-0.61,-0.08
20211110,0.09,2.71,-1.19,-2.86,-0.07,-2.01,0.25,0.55,-1.19,-0.19,-0.22,-1.17
20211111,-0.13,0.17,0.26,0.33,0.25,0.5,-1.75,-0.33,0.06,-0.29,0.2,0.17
20211112,0.02,-1.67,0.94,-0.25,0.68,1.38,-0.49,-0.14,0.96,0.37,0.33,0.93
20211115,0.51,-1.23,0.15,0.82,0,-0.1,-0.15,1.24,0.3,-0.53,-0.2,-0.16
20211116,-0.19,2.82,0.24,0.19,-0.16,0.73,-0.34,-0.59,0.58,0.24,0.02,0.26
20211117,-0.44,2.05,-0.6,-1.73,-0.26,-0.33,-0.18,0.12,-0.38,0,-1.26,-0.57
20211118,-0.61,-0.11,-0.09,-0.47,-0.52,0.65,-1.27,-0.59,1.9,-0.45,-0.58,-0.62
20211119,-0.75,2.38,-0.79,-4,0.06,0.51,-1.15,0.34,-0.66,-0.36,-1.34,-0.37
20211122,0.35,1.88,0.18,1.76,0.23,-1.57,-0.04,0.58,-0.8,-0.82,0.45,-0.13
20211123,0.25,-3.2,0.03,3.24,0.3,-0.59,0.12,0.38,0.14,-0.24,1.52,0.29
20211124,-0.41,0.35,0.01,1.01,-0.48,0.7,-0.35,0.16,0.07,0.09,0.18,-0.03
20211126,-1.75,-2.89,-2.84,-4.37,-1.73,-2.14,-1.14,-1.71,-1.93,-0.63,-3.54,-2.34
20211129,0.33,3.45,0.48,0.83,0.94,2.15,-0.25,1.2,0.62,-0.33,0.36,0.39
20211130,-2.58,-0.2,-2.24,-2.45,-2.95,-1.53,-3.1,-3.06,-1.96,-1.41,-2.44,-2.49
20211201,-0.64,-3.35,-1.12,-1.41,-0.39,-1.91,-1.99,-0.01,-1.63,-0.74,-1.22,-1.94
20211202,1.6,0.07,2.06,2.87,1.46,0.98,3.69,1.43,1.05,0.64,2.88,2.67
20211203,0.76,-5.05,-0.2,-0.85,0.5,-1.77,0.86,0.76,-0.53,-0.61,-1.42,-1.13
20211206,1.5,-0.04,1.35,1.77,1.65,0.85,0.89,1.64,1.4,0.34,1.82,2.15
20211207,0.63,3.56,1.65,2.43,0.84,3.34,-1.27,0.8,1.84,1.92,1.79,1.35
20211208,-0.12,1.46,0.42,0.08,0.58,0.88,-0.31,0.03,-0.3,0.77,-0.11,0.4
20211209,-0.55,-4.85,-0.9,-0.93,-0.22,-1.29,-1.42,-0.45,-0.5,-0.85,-0.23,-0.87
20211210,0.97,1.74,0.05,0.78,1.1,1.34,0.26,0.51,0.4,-0.21,0.22,0.43
20211213,0.7,-4.38,-1.35,-2.86,-0.12,-1.29,-0.95,0.76,-1.27,1.22,-1.38,-1.13
20211214,-0.17,-0.83,-0.71,-0.48,-0.04,-1.61,0.57,-0.62,-0.36,-0.45,0.3,-0.43
20211215,0.91,1.32,0.66,-0.29,1.01,2.54,-0.05,1.52,1.52,2.57,0.81,0.56
20211216,0.63,-3.55,-0.59,0.58,0.59,-2.82,1.95,0.37,-1.87,0.22,0.68,-0.22
20211217,-0.88,-0.15,-1,-2.07,-1.94,-0.32,0.46,-1.37,-0.58,0.29,-1.78,-0.67
20211220,-0.89,-3.15,-2.03,-1.16,-0.83,-1.13,-0.58,-0.13,-1.09,-0.65,-1.94,-1.21
20211221,0.45,3.47,2.88,3.28,0.79,2.5,1.3,0.14,1.49,0.6,2.37,2.47
20211222,0.51,5.58,0.44,0.6,1.01,1.04,0.22,0.45,0.48,0.96,0.9,0.92
20211223,0.28,4.46,0.96,0.01,0.69,0.6,0.87,0,0.37,0.51,0.69,0.86
20211227,0.84,2.15,1.4,2.51,1.34,1.85,-0.08,0.61,0.6,0.29,0.93,0.76
20211228,0.49,-0.34,0.08,-0.26,0.52,-0.77,0.4,0.8,0.43,-0.58,0,0
20211229,0.32,-0.22,0.35,-0.56,0.6,-0.01,-0.36,0.43,0.18,0.43,-0.11,0.18
20211230,0,-0.91,-0.46,-0.92,-0.56,-0.29,0.26,0.28,-0.09,0.33,-0.2,-0.1
20211231,0.5,-0.79,0.27,0.21,0.55,-0.68,-0.72,0.33,-0.08,-0.51,-0.21,0.05
20220103,0.16,10.18,-0.07,3.15,-0.66,0.48,1.05,-0.6,0.36,-0.39,1.36,-0.32
20220104,0.83,-1.74,1.67,3.54,0.69,-1.4,0.04,-0.09,-0.66,-1.45,1.66,0.96
20220105,-0.46,-4.69,-1.24,-0.48,-0.48,-3.56,0.02,-0.16,-1.69,-1.78,-1.4,-1.76
20220106,0.14,-1.25,0.27,2.48,-0.7,-0.09,0.38,-0.65,-0.11,-0.58,0.66,0
20220107,0.04,-2.78,-0.7,1,-0.2,-0.92,0.24,0.84,-0.94,-0.45,0.48,-0.14
20220110,-0.35,1.67,-1.04,-0.3,-1.42,0.39,-0.6,-0.67,-1.02,0.78,-0.25,-1.04
20220111,0.43,0.75,0.74,3.53,0.35,1.39,0.86,-0.58,0.98,0.48,1.08,1
20220112,-0.09,2.63,0.69,0.32,0.29,0.23,0.01,0.4,-0.22,-1,0.06,0.1
20220113,0.41,-4.52,0.06,-0.67,-0.59,-2.84,0.02,0.3,-1.03,-1.62,-0.41,-0.58
20220114,0.32,1.07,0.39,2.4,-0.12,0.68,-0.47,-0.29,-0.98,-0.15,-0.7,-0.42
20220118,-1.16,-2.07,-1.86,0.19,-1.68,-2.49,-1.25,-1.18,-1.83,-2.05,-2.16,-2.11
20220119,-0.13,-3.49,-1.58,-0.64,0.59,-1,-0.5,0.1,-0.85,-0.72,-1.49,-0.98
20220120,-0.99,-0.77,-1.84,-1.29,-1.01,-1.24,-1.11,-0.16,-2.36,-0.74,-0.46,-0.88
20220121,-0.19,-4.52,-1.58,-2.29,-1.14,-2.21,-2.41,-0.31,-2.5,-1.24,-2.09,-2.8
20220124,-0.05,-0.89,1.07,0.78,-0.09,0.62,0.74,-0.84,2.06,-0.11,0.16,0.44
20220125,-0.88,-1.26,-0.98,3.97,-1.03,-2.63,-0.58,-1.13,-2.2,-0.61,0,-1.42
20220126,-0.97,1.3,-0.82,-0.43,-0.96,0.28,-3.24,-0.59,-0.87,-0.68,0.22,-0.78
20220127,0.36,-8.66,-1.02,1.19,0.18,-0.8,0.37,0.63,0.03,-0.57,-0.6,-0.87
20220128,1.22,1.5,0.44,-0.45,0.72,3.72,3.45,1.18,2.39,2.42,2.19,1.7
20220131,0.74,8.44,1.78,0.42,0.74,3.06,1.2,1.73,2.29,1.41,1.14,2.3
20220201,0.08,0.13,0.91,3.88,0.86,0.57,0.04,-1.01,0.78,0.58,1.35,1.87
20220202,0.81,-2.17,0.34,0.47,0.8,1.1,-0.02,1.29,0.07,0.34,0.54,0.1
20220203,-0.5,-1.8,-1.44,-1.07,-0.87,-4.34,0.73,-0.62,-3.41,-1.07,-0.9,-2.2
20220204,-0.81,1.74,-0.73,1.6,-1.56,1.05,-0.16,-0.54,3.63,-0.06,1.07,-0.06
20220207,0.49,-1.36,0.14,0.98,-0.52,-0.91,-0.11,0.04,-0.17,0.12,0.29,0.25
20220208,0.85,1.26,1.39,-2.23,0.7,1.08,0.51,-0.02,1.59,0.37,1.43,1.48
20220209,0.34,1.49,1.71,0.93,1.09,2.46,2.08,0.42,0.68,1.41,0.74,1.79
20220210,-0.9,-2.55,-1.51,-0.57,-1.25,-2.29,-0.54,-2.46,-1.51,-1.51,-1.16,-1.56
20220211,-0.33,-3.95,-1.57,3.02,-1.26,-3.01,-1.06,0.31,-2.01,-0.93,-1.55,-1.84
20220214,-0.29,1.13,-0.39,-2.13,-0.4,0,0.01,-0.93,0.06,-1.25,-0.78,-0.34
20220215,0.35,4.65,2.11,-1.24,1.14,2.43,1.37,-0.46,1.14,2.01,1.65,2.05
20220216,0.35,0.08,0.55,0.48,0.55,-0.37,-0.33,0.28,0.07,-0.08,0.21,0.19
20220217,0.02,-4.35,-1.84,0.09,-0.93,-3.29,-1.66,0.07,-1.23,-2.06,-2.62,-1.76
20220218,0.05,-1.85,-0.84,-0.73,-0.3,-1.32,-0.33,-0.38,-0.53,-1.03,-0.32,-0.58
20220222,-0.43,-3.63,-1.53,-1.53,-1.29,-1.04,-0.65,-0.23,-2.33,-0.28,-0.7,-1.32
20220223,-0.88,-5.29,-1.79,1.06,-1.4,-2.4,-1.99,-1.36,-2.45,-0.83,-1.73,-1.88
20220224,-1.57,3.68,1.3,-0.31,-1.02,3.91,1.09,0.86,2.34,1.19,-0.75,1.67
20220225,3.13,1.52,2.62,2.58,3.52,1.47,1.99,3.11,2.13,2.78,3.01,2.52
20220228,-1.23,4.76,0.6,2.98,-1.24,0.27,-0.62,0.64,-0.1,-0.58,-1.26,-0.17
20220301,-0.93,-1.54,-1.9,1.28,-2.34,-1.53,-0.81,-0.82,-0.76,-0.55,-3.67,-1.44
20220302,1.52,2.4,2.25,2.11,1.42,1.86,0.7,1.47,1.53,1.35,2.35,2.21
20220303,-0.02,-3.79,-0.32,0.19,0.03,-1.51,-0.05,1.58,-0.99,-0.01,-0.66,-0.47
20220304,-0.59,-1.29,-1.17,3.18,-0.63,-1.82,-1.09,2.03,-0.98,0.13,-2.06,-0.73
20220307,-2.72,-4.35,-3.09,1.26,-3.13,-3.77,-1.78,0.83,-3.72,-1.33,-4.15,-3.47
20220308,-2.29,2.07,-0.39,1.08,-1.7,-0.36,-1.31,-1.4,-0.68,-1.7,-0.38,-0.05
20220309,0.92,3.95,2.48,-2.83,2.27,4.17,0.74,-0.65,2.07,2.15,3.74,2.58
20220310,-1.07,-2.03,-0.49,3.06,-0.92,-1.58,-0.15,0.72,1.77,-0.4,-0.52,0.18
20220311,-1.23,-4.09,-1.06,-0.85,-1.25,-2.23,-0.59,-0.54,-1.05,-0.94,-0.84,-0.88
20220314,0.57,-2.84,-0.46,-2.95,0.11,-2.21,-0.6,-0.4,-0.84,-0.06,0.95,-0.93
20220315,1.71,3.81,1.51,-3.46,2.04,3.19,1.58,1.04,2.85,1.8,1.43,1.81
20220316,0.91,4.47,1.56,-0.26,0.99,3.58,1.21,-0.01,2.29,1.8,2.99,2.79
20220317,0.87,2.75,1.62,3.67,1.2,1.19,0.54,0.51,1.64,1.89,0.92,1.66
20220318,0.46,3.14,1.02,0.11,0.33,2.37,-0.23,-0.7,1.54,0.8,0.58,0.48
20220321,0.09,0.73,0.29,3.73,0.41,-0.32,-0.65,0.94,-1.01,-0.47,-0.49,-0.1
20220322,0.65,6.13,0.82,-0.71,0.94,1.79,0.71,-0.09,1.07,0.38,1.49,0.74
20220323,-0.82,-0.24,-1.09,1.82,-0.81,-1.41,-1.03,0.25,-1.38,-1.75,-2.02,-1.28
20220324,0.92,1.38,1.14,0.17,0.88,2.42,0.55,1.03,0.45,1.14,1.02,1.14
20220325,1,-0.47,0.45,2.51,0.75,-0.24,0.5,1.86,-0.04,0.2,0.83,0.52
20220328,-0.07,6.12,-0.41,-2.63,0.22,1.18,0.25,0.32,1.47,0.79,-0.21,0.38
20220329,1.25,1.58,1.12,-0.53,1.41,1.94,1.16,0.87,1.19,1.06,1.19,1.29
20220330,0.02,-0.98,-0.71,1.22,-0.79,-1.24,-0.14,0.77,-1.35,-0.3,-0.96,-0.49
20220331,-0.54,-1.77,-1.64,-1.37,-1.09,-1.64,-1.88,-0.25,-1.78,-0.81,-2.16,-1.45
20220401,1.43,0.28,0.05,1.16,1.19,0.07,1.43,1.48,0.35,1.31,0.29,-0.59
20220404,-0.04,4.41,0.06,0.03,0.02,2.07,0.88,-0.82,1.33,-0.47,-0.24,-0.04
20220405,-0.5,-4.49,-1.93,-1.5,-0.45,-2.17,-0.85,0.34,-1.26,-0.27,-0.76,-1.75
20220406,0.73,-3.72,-0.96,0.36,0.08,-2.6,-0.13,1.91,-1.01,1.24,-0.82,-1.67
20220407,0.49,0.54,0.61,1.41,0.77,0.27,-0.78,-0.2,0.69,1.43,-0.35,-0.02
20220408,0.37,-2.25,-0.58,2.68,0.36,-1.51,0.76,0.47,-0.19,0.17,0.73,-0.06
20220411,0.2,-3.45,-0.57,-3.13,-0.42,-2.37,0.6,-1.29,-1.44,-2.02,-0.68,-0.51
20220412,0.42,0.8,-0.1,1.86,-0.13,-0.52,-0.27,0.45,-0.2,-0.64,-0.89,-0.21
20220413,0.7,2.94,1.34,1.57,0.84,1.7,1.32,-0.05,2.08,0.66,0.7,1.29
20220414,0.06,-2.95,0.06,0.41,-0.61,-2.52,-0.74,0.08,-1.32,-0.5,-0.77,-0.41
20220418,-0.66,1.51,-0.08,1.55,-0.63,0.07,-1.56,-0.26,-0.17,-1.85,0.26,-0.38
20220419,1.64,2.58,1.93,-1.08,1.73,1.97,1.97,0.45,2.58,1.18,1.67,1.82
20220420,0.89,-3.76,0.38,0.56,1.31,-0.86,-1.64,0.99,-0.2,0.75,0.93,-1.19
20220421,-0.12,1.96,-1.51,-3.32,-0.78,-2.29,-0.42,-1.43,-1.96,-1.39,-1.63,-1.84
20220422,-2,-0.9,-2.65,-2.78,-1.77,-2.77,-3.28,-1.82,-2.8,-3.69,-3.12,-2.6
20220425,0.4,-0.26,-0.26,-3.01,0.21,1.59,-0.24,-1.1,0.88,1.36,0.32,0.65
20220426,-1.5,-9.96,-2.92,-0.08,-1.49,-3.62,-2.6,-0.82,-2.8,-1.99,-2.78,-2.74
20220427,0.73,0.48,0.24,1.7,0.79,0.06,-0.39,-0.38,-0.5,-0.43,0.53,0.13
20220428,1.32,-0.02,1.43,3.26,1.82,4.24,-0.69,1.21,2.57,0.68,1.89,1.83
20220429,-2.22,-1.19,-2.62,-2.48,-2.25,-3.81,-4.42,-2.87,-6.64,-2.44,-3.38,-2.7
20220502,-0.98,3.1,0.56,1.2,-0.77,1.81,1.33,-0.86,0.56,-0.07,0.26,-0.25
20220503,0.05,1.05,0.72,3.12,0.06,0.13,0.3,0.72,-0.1,0.36,0.98,0.06
20220504,2.35,4.31,3.28,4.03,2.66,3.49,3.15,2.36,2.52,1.96,2.94,2.53
20220505,-1.89,-7.06,-3.56,-1.46,-2.35,-4.99,-1.61,-1.38,-4.79,-2.43,-2.97,-3.34
20220506,-0.35,-0.97,-1.23,2.67,0.02,-1.19,-0.92,0.88,-1.09,-1.06,-0.81,-1.13
20220509,-0.54,-7.37,-3.14,-8.57,-1.47,-4.11,-1.65,-1.38,-2.34,-2.88,-2.88,-3.44
20220510,-0.94,0.91,-0.6,0.87,-0.97,1.35,0.15,-1.08,-0.59,0.57,-0.76,-0.09
20220511,0.11,-6.85,-1.28,1.44,-0.45,-3.26,-1.12,0.71,-2.33,-1.3,-0.89,-1.48
20220512,0.48,-0.43,0.43,0.16,0.22,-0.5,1.47,-0.76,1.18,1.81,-0.67,0.05
20220513,1.99,5.41,1.92,3.42,1.72,3.69,1.27,1.28,2.91,1.41,1.86,2.16
20220516,0.33,-4.8,-0.19,2.6,0.09,-1.22,0.29,0.57,-0.83,0.68,-0.62,-0.79
20220517,0.2,4.6,2.91,1.28,1.43,2.57,2.05,1.19,0.5,1.79,2.77,2.32
20220518,-5.37,-6.14,-3.78,-2.68,-4.45,-4.51,-1.94,-1.06,-6.9,-2.45,-2.87,-4
20220519,-1.73,0.01,-0.65,-0.15,-0.62,-0.52,0.09,-0.22,-0.21,-0.03,-0.44,0.01
20220520,0.68,-4.98,-1.66,0.46,-0.34,0.02,0.32,0.22,-0.62,1.27,0.23,0.22
20220523,1.58,1.5,1.97,2.85,1.56,1.87,1.65,1.23,0.92,0.76,2.94,1.23
20220524,1.06,-5.63,-0.44,0.3,0.1,-2.52,-0.13,1.66,-0.93,-0.24,-0.47,-1.45
20220525,0.82,4.16,1.16,2.27,-0.12,1.17,1.42,0.23,2.02,0.26,1.05,1.16
20220526,0.75,6.05,2.4,1.2,1.77,2.4,1.07,0.22,3.72,0.61,2.23,2.36
20220527,0.9,5.98,2.51,1.9,2.12,3.63,1.24,1.5,2.38,1.61,1.74,2.28
20220531,-0.89,-0.08,-0.98,-1.57,-0.88,-0.7,0.03,-1.19,0.49,-1.45,-0.44,-1.01
20220601,-0.9,-1.94,-0.65,1.98,-1.43,-0.43,-0.64,0.1,-0.77,-1.51,-1.35,-1.17
20220602,0.87,3.95,2.39,-0.23,2.14,3.02,0.32,0.62,2.51,0.79,1.48,2.29
20220603,-0.92,-7.18,-0.7,1.43,-1.02,-2.6,-1.22,-0.5,-1.5,-0.52,-1.44,-1.04
20220606,0.48,1.35,0.57,0.12,0.34,0.33,-0.25,0.34,0.75,-0.31,0.44,0.58
20220607,0.58,0.44,1.47,3.31,0.73,1.2,0.56,0.84,-0.41,1.65,0.8,0.77
20220608,-1.18,0.69,-1.54,-0.07,-1.65,-0.85,-0.48,-1.84,-1.11,-0.5,-1.44,-1.83
20220609,-1.61,-1.27,-2.36,-2.1,-1.85,-2.82,-1.77,-2.38,-1.76,-2.67,-2.58,-2.35
20220610,-0.81,-3.42,-3.22,-1.63,-2.46,-3.82,-1.65,-0.9,-3.15,-1.92,-3.38,-3.15
20220613,-2.56,-6.66,-4.05,-5.31,-3.35,-4.61,-3.9,-4.68,-3.57,-3.15,-3.42,-4.07
20220614,-0.76,1.96,-0.29,0.39,-1.64,0.42,-0.79,-2.6,-0.57,-0.96,-0.46,-0.41
20220615,0.43,4.41,1.27,-1.81,-0.65,2.42,0.7,0.41,2.16,1.31,1.18,1.18
20220616,-1.47,-8.03,-4.52,-5.5,-2.44,-4.05,-3.16,-2.39,-2.87,-1.67,-2.8,-3.96
20220617,0.28,1.55,0.13,-5.68,0.04,1.15,1.92,-1.24,0.48,1.06,0.37,0.39
20220621,2.06,7.27,1.87,4.92,2.25,2.4,1.28,2,1.98,2.21,2.62,0.94
20220622,-0.55,-0.26,-1.09,-4.49,0.53,-0.23,0.86,0.57,-0.09,1.67,-0.04,-0.36
20220623,1.28,-0.11,-0.69,-3.87,1.02,1.84,1.52,1.84,2.25,2.59,0.05,0.26
20220624,2.27,4.29,3.94,1.74,3.04,3.73,1.23,1.76,2.91,2.17,3.22,3.81
20220627,0.06,-0.31,-0.01,3.16,-0.78,-0.8,-0.19,1.07,-0.85,0.07,-0.13,-0.24
20220628,-1.21,-4.07,-1.67,2.58,-1.32,-3.12,-1.41,-0.04,-3.38,-2.24,-0.9,-1.65
20220629,0.41,-1.75,-1.02,-3.59,-0.01,0.15,0.69,-0.17,0.46,0.78,-0.37,-0.65
20220630,-0.57,-1.95,0.07,-2.33,0.12,-1.43,-0.25,0.71,-1.11,-0.56,-1.01,-0.39
20220701,1.22,1.26,0.23,1.37,1.23,0.49,2.12,2.4,2,1.45,1.34,1.54
20220705,-0.48,2.15,-1.17,-4.13,-0.61,2.01,0.05,-3.48,1.89,0.4,-0.3,-0.21
20220706,-0.24,-0.62,0.3,-1.81,0.33,0.74,-0.55,0.69,0.12,0.24,-0.14,-0.21
20220707,0.45,5.05,2.2,3.71,0.29,2.27,0.26,0.45,1.55,1.04,1.32,1.72
20220708,-0.03,1.67,-0.53,-0.11,-1.05,0.05,-0.6,-0.3,-0.28,0.19,-0.1,-0.28
20220711,-0.61,-5.53,-1.19,-0.91,-0.14,-1.94,-1.41,0.47,-1.52,-0.84,-0.68,-1.2
20220712,0.08,0.09,0.04,-2.03,-0.12,-1.63,0.7,-0.61,-0.95,-0.88,-0.41,-0.44
20220713,-0.22,1.13,-0.56,0.06,0.01,-0.56,-0.18,-0.27,0.46,-0.37,-1.18,-0.36
20220714,-0.64,0.09,-0.83,-1.86,-1.01,0.13,-0.52,0.03,0.44,-0.39,-1.41,-0.9
20220715,0.32,1.28,1.42,1.92,0.8,1.89,2.1,0.52,1.83,1.82,3.76,1.98
20220718,-0.79,0.18,-0.53,2.07,-0.63,-1.08,-0.74,-0.93,0.01,-2.23,-0.55,-0.01
20220719,1.7,2.59,4,3.3,2.24,3.24,2.03,1.03,2.6,1.69,3.08,3.21
20220720,-0.56,1.07,1.37,1.29,-0.23,1.76,0.33,-0.98,1.77,-0.39,-0.08,1.12
20220721,0.42,7.25,1.08,-1.9,0.79,1.47,-1.4,0.26,0.71,0.95,0.64,0.6
20220722,0.38,-0.4,-1.06,-1.24,0.4,-2.35,-1.82,1.06,-0.78,-0.67,-0.68,-0.64
20220725,0.58,-1.09,0.44,4.04,0.75,-0.62,0.25,1.55,-0.66,0.28,0.84,0.07
20220726,0.31,-2.98,-0.74,-0.72,-0.61,-1.89,-0.7,0.63,-3.44,0.5,-1.14,-1.03
20220727,0.47,5.25,2.07,2.52,0.9,4.75,1.99,0.22,3.01,0.8,1.23,2.14
20220728,1.48,2.53,2.07,0.46,1.65,1.28,-1.43,2.64,1.5,-0.02,0.81,2.01
20220729,0.27,4.39,2.05,4.48,-1.75,1.51,-0.35,0.91,3.75,-0.75,1,1.39
20220801,0.76,0.36,0.07,-2.29,0.99,-0.25,0.16,-0.02,0.76,-0.75,-0.6,-0.17
20220802,-0.84,0.57,-1.21,-0.14,-0.7,-0.23,-0.62,-0.32,-0.92,0.07,-0.96,-0.76
20220803,0.63,2.3,1.14,-2.91,0.73,2.77,1.86,0.49,1.98,1.55,1.5,0.95
20220804,-0.6,-0.04,0.17,-3.7,0.05,0.26,-0.02,-0.27,0.34,-0.2,-0.17,0.51
20220805,-0.12,-4.85,-0.06,2.23,0.06,-0.17,-0.87,-0.42,-0.15,0.33,0.81,0.13
20220808,-0.26,1.26,0.04,0.46,0.61,-0.49,0.19,0.21,0.2,0.64,-0.17,0.42
20220809,-0.01,-2.5,-1.21,1.77,-0.89,-1.06,-0.57,1.24,-1.13,-0.81,0.17,-0.77
20220810,1.02,3.67,2.71,0.87,2.18,3.16,1.33,0.54,2.26,1.58,2.07,2.48
20220811,0.06,-1.52,0.55,3.42,0.04,-0.64,1.23,0.39,-0.32,-1.07,0.68,0.35
20220812,0.8,3.81,2.05,1,1.7,2.1,1.77,1.47,1.68,1.31,1.6,1.46
20220815,0.91,2.17,0.07,-1.91,0.76,0.5,0.85,0.59,0.26,0.54,0.32,0.09
20220816,0.84,-0.44,0.33,-0.25,0.62,-0.36,0.39,0.43,1.89,-0.57,0.44,0.54
20220817,-0.46,-1.27,-1.29,1.01,-0.83,-1.04,-1.75,-0.15,-1.03,-0.95,-0.69,-1.35
20220818,0.23,-0.11,0.53,2.92,0.42,0.38,-0.73,0.51,0.04,-0.52,0.2,0.22
20220819,-0.47,-1.92,-1.75,-0.17,-1.24,-2.09,-0.4,-0.23,-1.88,0,-1.49,-1.91
20220822,-1.23,-2.64,-2.45,-0.06,-1.18,-2.73,-2.36,-1.27,-2.52,-1.32,-1.9,-2.17
20220823,0.11,1.65,0.52,3.36,-0.27,-0.24,-0.83,-0.45,-0.25,-1,-0.65,0.17
20220824,0.45,0.39,0.48,1.24,0.23,0.28,0.54,0.53,0.2,0.38,0.26,0.82
20220825,0.6,0.33,2.03,0.75,1.52,1.97,1.03,0.6,1.47,0.86,1.42,1.55
20220826,-2.31,-2.9,-3.79,-1.05,-2.84,-4.23,-2.19,-1.5,-3.8,-2.95,-3.01,-3.38
20220829,-0.32,-0.84,-0.7,1.46,-0.65,-1.23,-0.38,0.24,-0.28,-1.05,-0.64,-0.63
20220830,-1.01,-2.07,-1.45,-3.62,-1.31,-0.95,-0.86,-1.73,-0.89,-0.69,-0.47,-1.35
20220831,-0.54,-0.84,-1.01,-0.64,-1.47,-0.73,-0.53,-0.67,-0.84,-0.42,-0.73,-0.81
20220901,0.17,0.3,-0.67,-2.46,-0.27,-0.53,0.49,0.97,0.89,1.85,0.3,0.02
20220902,-1.02,-2.01,-0.78,2.1,-0.99,-1.33,-1.7,-0.72,-0.65,-1.5,-0.78,-0.87
20220906,-0.6,1.01,-0.2,-1.09,-0.83,-0.71,-1.38,-0.24,-0.61,-0.29,-0.37,-0.09
20220907,1.83,3.15,2.03,-1.31,2.19,1.86,1.24,2.75,2.8,2.29,1.81,1.86
20220908,-0.04,1.74,0.57,0.56,0.41,0.52,-0.52,-0.07,0.41,2.01,1.53,0.81
20220909,0.85,3.12,1.77,2.44,1.47,2.21,2.14,0.6,1.43,1.06,1.04,1.64
20220912,0.46,1.54,0.66,1.67,0.77,1.43,0.85,1.19,1.08,0.43,0.89,0.96
20220913,-3.45,-3.99,-4.26,-2.27,-3.42,-5.35,-4.23,-2.74,-5.11,-3.29,-3.65,-3.87
20220914,0.13,2.62,-0.25,3.02,-0.21,0.45,0.64,1.14,0.34,0.69,-0.27,-0.18
20220915,-0.93,0.28,-1.03,-2.72,-1.27,-1.99,-0.7,-2.35,-1.02,0.15,0.56,-0.57
20220916,0,-0.46,-1.62,-2.22,-0.82,-0.94,-0.48,-0.68,-0.74,-0.41,-0.97,-1.93
20220919,0.99,1.78,1.45,0.06,0.97,0.76,0.31,1.24,0.94,-0.92,0.92,1.24
20220920,-0.61,-1.4,-1.7,-0.67,-1.29,-0.85,-1.39,-1.37,-1.58,-1.17,-1.21,-1.33
20220921,-0.37,-2.32,-1.49,-1.47,-1.47,-1.52,-2.7,-1.44,-1.64,-1.83,-1.99,-1.98
20220922,-0.4,-3.62,-1.81,-0.62,-0.7,-1.03,-1.22,-0.49,-1.44,0.47,-1.45,-2.02
20220923,-1.78,-4.08,-2.13,-6.76,-1.2,-1.4,-2.01,-1.94,-1.87,-0.65,-1.73,-1.64
20220926,-0.65,-0.1,-1.27,-2.53,-0.85,-0.75,-1.86,-2.39,0.02,-1.04,-1.52,-1.21
20220927,-1.38,1.8,-0.08,1.38,-1.32,0.23,-0.69,-1.49,-0.2,0.17,-0.54,0.29
20220928,1.46,1.91,2.47,4.87,1.37,1.57,2.45,1.44,2.87,2.75,1.79,2.68
20220929,-1.51,-6.18,-2.18,-0.21,-2.52,-2.73,-1.94,-3.72,-2.22,-1.13,-1.23,-1.69
20220930,-1.75,-1.15,-1.88,-0.73,-1.14,-1.75,-1.89,-1.77,-1.29,-1.36,-0.94,-1.02
20221003,2.04,-5.75,3.47,5.72,2.57,3.07,3.59,3.03,2.36,1.67,2.74,2.58
20221004,1.92,3.95,3.72,4.3,2.56,3.51,2.6,2.39,3.13,2.47,3.66,3.64
20221005,-0.42,-2.66,-0.28,1.93,-1.04,0.22,-0.92,-1.93,-0.15,-0.04,-0.43,-0.63
20221006,-1.5,-0.92,-0.85,1.85,-1.24,-0.6,-1.5,-3.06,-0.62,-1.14,-1.21,-0.95
20221007,-1.13,-5.34,-2.21,-0.76,-2.46,-3.99,-2.4,-1.99,-3,-2.2,-2.24,-2.73
20221010,0.4,-0.81,0.08,-2.09,-0.11,-1.56,-0.46,-0.06,-0.17,-0.5,-0.5,-0.47
20221011,0.68,-1.91,-0.1,-0.87,-0.3,-1.47,-1.47,0.12,0.11,0.97,-1.02,-0.91
20221012,0.96,0.23,-0.95,0.94,-0.55,-0.25,-0.87,-2.97,-0.26,-0.32,-0.17,-0.08
20221013,1.86,1.87,2.26,3.97,2.18,2.44,3.13,2.69,0.95,2.21,3.57,2.09
20221014,-2.19,-6.04,-2.69,-3.76,-1.97,-2.88,-1.09,-1.73,-3.27,-1.22,-1.5,-1.76
20221017,1.19,5.65,2.27,1.38,2.25,3.51,2.18,2.13,3.3,1.93,2.3,2.62
20221018,1.09,0.87,2.24,0.7,1.61,1.02,0.91,1.7,1.73,0.41,1.29,1.58
20221019,-0.75,0.13,-0.65,2.79,-1.05,-0.74,-0.76,-0.98,-1.36,-1.9,-1.34,-0.93
20221020,-1.46,-5.2,-0.92,0.18,-1.57,-0.07,1.15,-2.48,-0.7,-0.59,-1.19,-1.57
20221021,1.38,3.34,3.24,2.37,2.25,2.16,0.56,1.65,2.65,2.14,2.46,2.72
20221024,1.64,-0.53,1.03,0.29,0.29,1.13,1.23,0.56,1.16,1.61,1.19,0.73
20221025,1.77,4.69,1.74,-0.01,2.15,2.28,1.71,2.07,1.51,0.96,1.4,1.94
20221026,0.51,0.89,0.1,1.41,0.3,-3.08,0.1,0.03,-1.06,1.38,0.85,0.37
20221027,0.08,0.37,0.78,0.28,0.01,-1.8,-0.1,0.66,-0.72,-0.66,0.45,0.16
20221028,2.05,1.59,2.41,0.58,1.72,3.87,3.16,2.52,-0.34,1.85,2.35,2.06
20221031,-0.47,-0.12,-0.46,0.56,-0.63,-1.27,-0.34,-0.51,-0.76,-0.36,-0.31,-0.72
20221101,-0.18,0.07,0.33,1.07,0.03,-1.16,0.12,0.31,-1.53,0.22,0.41,0.13
20221102,-1.57,-4.79,-2.48,-2.3,-2.62,-3.77,-1.81,-1.06,-2.87,-1.63,-1.55,-2.66
20221103,-0.37,0.28,0.7,1.99,0.11,-2.58,-1.91,0.36,-0.77,-0.56,-1.03,-0.59
20221104,1.12,-1.81,2.37,0.95,2.65,1.35,-0.02,0.75,1.11,0.54,1.59,1.43
20221107,0.68,-3.06,1.04,1.78,0.96,1.4,0.72,-1.36,0.6,0.95,0.96,0.91
20221108,0.34,-1.8,0.79,-0.05,1.21,0.78,0.58,0.82,0.18,0.51,0.5,0.69
20221109,-1.66,-5.63,-1.93,-5.16,-1.34,-2.32,-3.39,-1.31,-2.3,-1.1,-1.98,-1.66
20221110,2.49,7.1,5.25,2.4,4.96,8.29,3.49,4.48,6.5,2.95,4.59,5.99
20221111,-0.15,2.74,0.71,2.84,0.96,1.99,1.85,-0.72,1.39,-0.67,-0.35,1.94
20221114,-0.89,-2.18,-1,-0.24,-0.5,-1.07,-0.45,-1.19,-1.37,0.28,-1.43,-0.69
20221115,0.58,1.63,1.23,1.26,0.01,1.67,0.15,1.13,1.61,0.3,0.09,1.04
20221116,0.13,-3.42,-1.36,-2.02,-0.55,-1.47,-0.73,0.5,-0.63,-0.46,-0.48,-1.12
20221117,0.19,-1.42,-0.13,0.32,-0.58,-0.26,-0.03,-1.58,-0.8,-0.06,-0.39,-1.05
20221118,0.79,-0.77,0.6,-1.02,0.92,0.05,0.22,1.92,0.4,0.88,0.93,0.48
20221121,1.12,-4.63,0.09,-1.35,0.18,-1.18,0.78,0.3,-0.25,0.1,-0.24,-0.09
20221122,0.77,1.28,1.15,3.24,1.55,1.7,1.2,1.2,1.13,0.88,1.11,1.15
20221123,0.45,4.82,0.5,-1.07,0.48,1,0.74,0.82,0.36,0.24,0.46,0.45
20221125,0.09,-0.04,0.12,-0.24,-0.04,-0.67,0.3,0.56,0.11,0.43,0.66,0.18
20221128,-0.52,-0.86,-1.87,-2.88,-1.33,-2.02,-1.69,-1.15,-0.53,-0.58,-1.71,-1.74
20221129,-0.17,-0.59,0.4,1.24,-0.08,-0.88,0,-0.36,-0.57,-0.16,0.41,0.75
20221130,2.04,5.82,2.06,0.59,2.74,5.03,2.21,2.36,2.38,2.24,2.39,2.43
20221201,0.31,0.05,0.1,-0.75,-0.04,0.35,-0.39,-0.14,-0.58,0.57,-0.73,0.19
20221202,0.78,-0.02,0.92,-0.73,1.27,-0.42,-0.12,-0.41,-0.3,0.56,-0.28,0.02
20221205,-1.52,-5.11,-1.64,-3.13,-1.57,-1.85,-2.19,-0.91,-2.16,-1.32,-2.3,-2.14
20221206,-0.9,-1.47,-1.13,-2.71,-0.47,-2.23,-1.38,0.24,-1.5,-1.21,-0.91,-1.08
20221207,0.33,-2.19,-0.17,-0.21,0.01,-0.61,0.09,-0.42,0.13,0.82,-0.3,-0.37
20221208,0.42,-0.02,0.76,-0.62,0.74,1.38,-0.52,0.36,0.98,0.95,0.33,0.6
20221209,-1.16,1.6,-0.99,-2.17,-0.58,-0.65,0.39,-0.45,-1.29,-1.46,-0.51,-0.45
20221212,0.82,-3.7,1.63,2.48,1.01,1.84,1.45,2.21,1.31,1.01,1.43,1.45
20221213,-0.19,-2.38,0.78,1.65,0.69,1.42,-0.14,0.49,0.49,0.81,-0.3,0.69
20221214,-0.02,-1.85,-0.49,-0.64,-0.7,-0.7,-2.05,-0.15,-0.37,0.41,-0.93,-0.43
20221215,-1.58,-0.68,-2.76,-0.43,-2.03,-3.75,-2.42,-1.29,-2.3,-1.95,-2.11,-2.61
20221216,-0.56,-3.95,-0.51,-1.32,-0.4,-1.08,-0.41,-1.64,-0.93,-1.19,-0.73,-0.83
20221219,-0.2,-0.71,-0.74,-0.01,-0.76,-1.56,-2,-0.51,-1.38,-0.62,-0.35,-1.1
20221220,-0.25,-5.08,0.55,1.45,0.2,0.24,0.47,0.12,-0.01,0.29,0.25,0.05
20221221,1.28,0.6,2.57,1.89,1.25,1.61,1.19,1.48,1.22,1.28,1.54,1.66
20221222,-0.39,-6.46,-1.76,-2.41,-0.55,-2.32,-0.1,-0.74,-1.53,-0.15,-0.79,-1.27
20221223,0.63,-0.8,0.43,3.31,0.53,0.21,0.81,1.25,0.99,-0.32,0.58,0.65
20221227,0.55,-6.8,0.33,1.09,0.27,-1.07,0.14,0.64,-0.64,-0.75,0.02,-0.23
20221228,-1.26,0.96,-1.43,-2.51,-1.34,-1.53,-1.47,-1.15,-1.27,-0.56,-0.63,-1.47
20221229,0.63,5.62,1.55,1.09,1,2.82,1.76,0.85,1.46,1.35,1.31,2.03
20221230,-0.36,0.54,-0.3,0.76,-0.68,-0.12,0.01,-0.95,-0.49,-0.17,-0.2,-0.37
20230103,-0.51,-6.78,0.11,-3.99,0.21,-0.65,1.29,-0.18,0.56,-0.09,-0.2,0.24
20230104,0.4,3.59,1.27,0.1,1.37,0.22,2.58,1.05,0.6,0.8,0.96,1.88
20230105,-0.79,-1.57,-0.66,1.87,-1.51,-2.01,1.24,-1.96,-1.07,-0.58,-1.14,-0.89
20230106,2.21,2.38,2.88,1.54,2.65,2.21,2.19,2.08,2.71,1.48,2.23,2.56
20230109,-1.04,3.35,-0.16,-0.53,-0.24,1.05,-0.19,0.62,-0.07,-2.26,-0.14,0.28
20230110,0.03,0.31,1.13,0.83,0.12,0.83,1.35,0.07,1.27,0.92,0.59,1.01
20230111,0.33,2.78,0.95,0.41,0.51,1.9,-0.06,0.8,2.21,0.05,0.99,1.54
20230112,-0.62,0.6,0.87,1.94,0.06,0.59,1.59,-0.27,-0.14,0.12,0.52,0.6
20230113,0.42,-1.22,0.16,0.27,0.67,0.55,0.16,-0.49,1.1,0.72,0.49,0.35
20230117,0.09,3.82,-0.64,0.09,-0.33,0.32,-0.75,-0.14,-0.71,-0.57,-0.52,-0.6
20230118,-2.8,-1.74,-1.68,-1.63,-1.88,-1.21,-1.55,-2.42,-1.31,-1.28,-1.86,-1.28
20230119,-0.46,-1.53,-2.18,1.13,-1.73,-0.75,-0.3,-0.66,-1.76,-0.16,-0.77,-1.11
20230120,0.62,3.35,1.6,1.49,1.82,2.94,1.99,0.43,2.1,0.53,1.69,2.05
20230123,0.27,5.63,1.23,0.05,0.25,2.41,0.7,0.15,0.88,0.15,0.97,1.03
20230124,0.39,0.35,0.36,-0.2,0.41,-0.43,0.19,0.32,-0.21,-0.43,0.05,-0.07
20230125,0.68,0.29,-0.08,-0.14,-0.34,-0.57,2.18,-1.17,0.43,0.05,0.72,-0.04
20230126,-0.38,6.58,1.1,3.36,-0.35,1.84,0.47,0.28,0.83,0.07,0.51,0.32
20230127,-0.22,7.52,-0.03,-2.05,-0.33,0.73,-0.64,-0.02,1.02,-0.44,0.16,0.33
20230130,-0.11,-4.76,-0.93,-2.36,-0.1,-2.09,-0.48,-0.55,-0.77,-1.22,-0.51,-1.44
20230131,1.21,3.98,1.83,0.89,1.88,1.58,0.92,0.92,1.79,1.18,1.55,2.11
20230201,0.93,3.62,1.15,-1.91,0.89,2.23,1.14,0.21,1.35,0.56,0.37,1.2
20230202,-0.84,3.4,0.47,-2.4,-0.52,3.86,1.02,0.36,2.68,0.14,-0.25,1.31
20230203,-0.67,-0.25,-0.59,-0.3,-0.52,-1.27,-1.9,-1.8,-3.32,-0.24,0.08,-1.09
20230206,0.2,1.3,-0.62,-0.5,-0.97,-1.34,-1.23,0.52,-0.56,-0.68,-0.3,-0.72
20230207,-0.36,0.78,0.43,3.23,0.04,2.59,-0.14,0.04,-0.03,0.62,0.98,0.93
20230208,-0.75,1.03,-0.98,-1.08,-0.94,-1.99,-0.67,-1.64,-1.24,-0.76,-0.35,-0.9
20230209,-0.19,1.75,-0.73,-0.76,-1.64,-1.1,-1.53,-1.34,-0.81,-0.81,-1.05,-1.04
20230210,0.78,-3.49,0.56,4.03,0.57,-0.57,0.04,1.98,0.03,0.7,0.33,-0.36
20230213,1.12,-0.15,1.08,-0.49,1.05,1.63,1.1,0.55,1.64,0.8,0.96,1.23
20230214,-0.98,4.89,0.22,0.16,-0.13,0.5,-0.04,-0.47,-0.16,-0.44,-0.28,-0.06
20230215,0.24,2.09,0.79,-1.58,0.34,0.89,0.98,0.53,1.01,-0.42,0.21,0.62
20230216,-0.55,-3.66,-1.18,-1.1,-0.98,-1.82,-0.98,-0.66,-1.23,-1.06,-0.95,-1.08
20230217,0.92,1.98,0.63,-3.62,0.38,-1.08,0.33,0.75,-0.04,0.95,0.12,-0.45
20230221,-0.91,-4.74,-2.45,-0.44,-1.48,-2.38,-2.66,-1.79,-2.53,-1.61,-1.99,-2.23
20230222,0.12,1.22,0.02,-0.75,0.63,0.01,0.48,-0.08,0.08,-0.17,-0.21,-0.2
20230223,0.31,0.11,0.39,1.53,0.11,1.19,-0.67,-0.32,-0.41,0.15,0.26,0.27
20230224,-0.67,-2.08,-0.91,0.04,-0.37,-1.72,-1.04,0.08,-1.14,-1.34,-0.3,-0.67
20230227,-0.08,3.84,0.58,0.41,0.45,0.45,0.05,-0.67,0.06,-0.21,0,0.72
20230228,-0.79,-0.55,0.16,-1.29,-0.5,0,-0.87,-1.62,0.01,-0.5,-0.07,-0.05
20230301,-0.86,-1.05,0.77,1.98,0.22,-0.7,-1.26,-1.35,-1.37,0.09,-0.36,0.04
20230302,1.23,-3.41,1.06,0.95,1.49,1.33,0.29,1.62,0.64,0.31,-0.49,0.93
20230303,0.28,3.18,1.25,1.46,0.87,2.26,0.86,1.63,1.31,1.33,1.42,1.32
20230306,0.04,-1.7,-0.79,-0.12,-1.36,0.34,-0.2,0.32,-0.39,-0.28,-0.08,-0.16
20230307,-0.8,-2.65,-1.33,-1.7,-1.91,-1.17,-1.43,-1.47,-0.88,-1.4,-2.24,-1.51
20230308,0.13,-1.74,0.4,-1.07,0.34,0.67,-0.33,0.63,0.13,-0.65,-0.4,0.34
20230309,-1.13,-4.24,-1.82,-1.47,-1.82,-1.73,-2.25,-1,-1.54,-1.17,-3.8,-1.91
20230310,-0.75,-0.95,-2.46,-1.33,-1.08,-1.89,-1.26,-1.68,-1.16,-0.95,-2.31,-1.63
20230313,0.17,-0.22,-0.68,-2.07,-0.4,0.58,-0.37,1.25,0.22,1.28,-3.48,-0.78
20230314,0.61,3.49,1.52,0.84,1.42,2.43,0.77,1.36,1.22,1.2,2.06,1.06
20230315,0.11,-1.86,-2.9,-5.39,-0.84,0.2,0.32,0.58,0.39,-0.07,-2.04,-1.73
20230316,0.21,1.71,1.55,1.14,0.85,2.95,0.11,0.69,1.44,0.73,1.71,1.52
20230317,-0.99,-2.48,-1.79,-1.56,-1.2,-0.39,-0.29,-1.04,-0.9,-1.38,-2.61,-1.69
20230320,1.27,1.39,1.82,2.07,1.53,0.28,1.37,0.99,0.4,1.3,1.07,1.02
20230321,0.27,6.07,1.26,3.39,0.42,1.52,1.22,-1.53,1.19,0.36,2.68,1.44
20230322,-1.12,-2.92,-2.11,-2.13,-1.34,-1.23,-1.68,-2.06,-1.55,-1.76,-2.53,-1.94
20230323,-0.48,0.18,0.18,-1.21,-0.34,1.3,-0.01,-1.09,-0.15,0.32,-1.01,0.02
20230324,1.54,-0.59,-0.14,0.33,1.44,0.27,-0.17,2.99,0.3,1.18,0.22,0.35
20230327,0.81,0.84,0.52,2.14,0.41,-0.81,1.31,0.23,0.46,0.31,1.53,0.77
20230328,0.49,-0.83,0.35,1.59,0.34,-0.56,-0.42,0.32,0,-0.27,-0.4,0.23
20230329,1.02,2.45,1.52,1.36,0.91,1.79,1.39,1.4,1.29,0.57,1.17,1.36
20230330,0.22,0.62,0.55,0.3,0.44,0.89,0.67,0.41,0.82,0.26,-0.28,0.45
20230331,0.87,4.89,1.35,0.61,1.35,1.81,1.35,0.84,1.69,1.27,1.12,1.61
20230403,0.44,-4.15,0.4,4.88,0.55,-0.06,0.25,-0.53,0.38,0.8,0.53,-0.02
20230404,-0.57,-1.48,-2.5,-1.89,-0.8,-0.42,0.05,0.38,-0.19,0.02,-1.22,-1.14
20230405,0.44,-3.3,-1.65,1.42,0.01,-1.14,0.85,2.4,-1.11,1.42,0.25,-0.6
20230406,0.01,-0.39,-0.5,-1.53,-0.02,0.94,0.11,0.54,0.12,0.55,0.32,0.22
20230410,-0.04,0.55,1.43,0.76,0.2,-0.25,0.59,-0.05,0.66,-0.2,0.48,0.52
20230411,0.38,1.12,0.77,0.82,0.52,-0.79,0.19,0.17,-0.16,0.21,0.99,0.76
20230412,-0.23,-2.44,0.09,-0.03,0.23,-0.52,-1.51,-0.19,-1.3,-0.09,-0.34,-0.36
20230413,0.6,1.88,0.54,0.67,0.73,2.09,1.15,0.03,1.67,1.39,0.87,1.26
20230414,-0.35,-0.3,-0.58,0.1,-0.57,-0.24,-0.71,-0.94,-0.12,-0.45,0.35,0.07
20230417,0.58,1.09,0.68,-1.32,0.47,0.08,0.62,0.51,0.55,0.22,0.89,0.49
20230418,0.32,-0.84,0.62,0.38,0.06,0.12,-0.31,-0.52,0.22,-0.75,0.15,0.42
20230419,-0.02,-1.8,-0.43,-0.33,0.03,-0.25,-0.71,0.62,0.24,1.13,0.02,-0.09
20230420,-0.27,-6.75,0.17,-0.9,-0.01,-0.77,-2.94,-0.18,0.19,-0.23,-0.48,0.08
20230421,0.15,0.65,-0.42,-0.55,0.78,-0.15,0.68,0.28,1.02,1,-0.6,-0.09
20230424,0.2,-0.52,0.26,1.6,0.56,-0.29,-0.96,0.52,0.18,0.06,-0.08,0.26
20230425,0.14,-1.25,-1.8,-2.01,-1.32,-2.33,-0.58,-0.33,-1.97,-0.65,-1.91,-1.89
20230426,-0.38,-3.21,-1.59,-1.22,-1.21,1.02,-1.02,-2.21,0.21,-1.35,-0.98,-1.51
20230427,0.98,3.1,1.79,0.41,1.59,2.53,4.39,1.26,2.26,0.19,1.65,1.79
20230428,0.76,2.1,0.78,1.53,0.85,0.81,1.03,0.03,-0.59,0.82,1.15,1.38
20230501,0.37,-0.85,0.35,-1.26,-0.12,0.12,-0.27,0.16,-0.96,0.82,-0.26,0.52
20230502,-0.62,-1,-0.92,-4.16,-0.44,-1.22,-2.07,-1.54,0.13,-0.73,-2.41,-0.9
20230503,-0.18,-0.19,-0.48,-2.04,-1.15,-0.57,0,-0.3,-0.73,0.34,-1.11,-0.33
20230504,-0.41,-0.56,-1.38,-1.16,-0.85,-0.52,-2.11,0.52,-0.43,-0.71,-1.53,-0.82
20230505,1.06,4.54,1.9,2.83,1.04,2.16,1.67,1.01,1.47,0.99,2.73,1.58
20230508,-0.39,0.91,-0.36,0.15,-0.28,0.29,0.61,-0.38,0.02,-0.18,-0.07,0.41
20230509,-0.4,-1.28,-0.22,-0.03,-1.26,-0.73,-1.43,-0.15,0.41,-0.42,-0.27,-0.01
20230510,-0.07,-0.41,-0.32,-0.95,0.06,1.35,-0.18,0.75,0.74,0.43,-0.4,-0.38
20230511,0.22,1.21,-0.53,-1.16,-0.24,0.06,-1.45,-1.02,0.41,-0.41,-0.32,-0.45
20230512,0.22,-1.97,-0.17,0.13,0.19,-0.21,-0.03,0.64,-0.29,-0.25,-0.31,-0.27
20230515,-0.12,-0.4,0.89,0.79,0.44,0.64,0.15,-1.25,0.17,0.22,0.85,0.7
20230516,-1.08,-0.87,-1.42,-2.57,-1.03,0.16,-1.76,-2.13,-0.38,-1.02,-1.19,-0.89
20230517,-0.01,3.58,1.78,2.06,0.46,1.34,0.84,-0.15,1.35,-0.07,2.62,1.38
20230518,-0.19,1.48,0.99,0.74,-0.07,1.88,0.17,-0.15,1.23,-0.19,0.37,1.16
20230519,-0.2,0.97,-0.85,0.66,0.11,-0.14,-0.86,-0.2,-1.07,0.57,-0.63,-0.32
20230522,-1.19,3.42,-0.21,-0.18,-1.3,0.56,0.49,0.04,-0.84,0.16,0.51,-0.06
20230523,-0.28,-1.15,-1.3,1.05,-1.04,-1.45,-1.15,-0.27,-0.7,-1.26,-0.8,-1.69
20230524,-0.74,-1.65,-1.37,0.48,-0.93,-0.63,-1.04,-0.54,0.06,-0.77,-1.18,-0.93
20230525,-0.67,0.71,0.49,-1.95,-0.61,3.06,-2.68,-1.34,-0.96,-1.34,0.07,0.16
20230526,-0.04,3.86,1.12,-0.32,0.3,2.35,0.97,-0.05,1.85,-0.13,0.77,0.78
20230530,-0.88,2.84,-0.55,-1.09,-0.88,0.35,-0.03,-0.37,0.04,-0.59,-0.13,0.24
20230531,0.11,-0.09,-1.55,-1.77,-1.28,-0.74,0.46,0.77,-0.83,0.83,-0.98,-0.65
20230601,0.34,1.6,1.12,1.09,1.09,1.33,0.47,-0.67,0.65,0.42,1.41,1.29
20230602,1.96,3.26,3.65,3.01,3.19,0.71,-1.2,1.54,1.67,1.53,2.47,2.3
20230605,-0.62,0.98,-1.17,-0.71,-0.58,-0.21,0.6,0.27,0.04,0.35,-0.7,-0.39
20230606,-0.17,1.95,1.47,0.74,0.2,0.15,0.15,0.1,0.56,-0.41,1.2,1.09
20230607,-0.09,1.89,1.96,2.76,0.63,-1.81,1.49,1.87,-1.11,-0.38,0.49,0.61
20230608,0.39,2.99,0.06,-0.42,0.14,0.84,0.86,0.32,1.14,0.67,-0.01,0.33
20230609,-0.13,2.8,-0.4,-0.49,-0.61,0.33,-0.53,-0.78,-0.35,-0.06,0.06,-0.08
20230612,0.02,1.83,1.07,-1.12,0.01,1.88,0.66,-0.28,1.45,0.38,-0.09,0.56
20230613,0.48,3.19,1.2,0.48,0.9,0.67,-0.1,0,0.56,0.75,0.66,1.05
20230614,0.21,-0.71,-0.37,-1.08,0.13,0.78,-0.41,-0.13,-0.06,-0.12,-1.49,-0.12
20230615,0.82,0.17,0.88,1.17,1.4,1.45,1.52,1.07,0.95,1.28,1.39,1.19
20230616,0.13,1.13,-0.04,-0.11,0.38,-0.79,-0.76,0.45,-0.72,0.08,-0.56,-0.49
20230620,-0.69,3.44,-0.84,-2.29,-1.12,-0.41,-1.55,-1.17,-0.24,-0.13,-0.62,-0.52
20230621,0.29,-4.07,0.51,0.99,0.33,-1.36,-0.29,0.8,0.04,-0.25,-0.08,0.02
20230622,0.39,1.2,-0.69,-1.34,-0.23,0.93,-0.06,-0.77,1.36,0.64,-0.79,-0.25
20230623,-0.75,-2.48,-0.83,-0.81,-0.9,-0.89,-0.87,-1.54,-0.45,-0.53,-0.54,-0.77
20230626,0.11,-4.05,0.82,1.62,0.59,-1.3,1.43,1.09,-0.22,-0.91,0.11,0.38
20230627,0.37,3.31,1.67,0.17,1.04,1.7,1.79,0.26,1.17,-0.04,0.93,1.36
20230628,-0.98,2.04,-0.39,0.92,-0.24,0.23,0.4,-1.07,-0.09,-0.06,-0.28,0.15
20230629,0.17,0.76,1.01,1.24,0.74,0.01,0.37,0.26,-0.03,0.4,1.66,0.62
20230630,0.6,1.44,0.43,0.59,1.34,1.62,0.64,1.04,1.35,0.97,0.59,1.11
20230703,0.69,5.27,0.24,0.31,0.43,-0.24,0.9,0.63,-0.03,-0.86,0.7,0.19
20230705,-0.12,0.63,-1.37,-0.53,-1.12,-0.13,-0.32,0.76,-0.11,0.01,-0.61,-0.5
20230706,-0.39,-1.64,-0.97,-2.59,-0.42,-0.55,-0.77,-1.19,-1.26,-0.99,-1.04,-1.11
20230707,-0.79,-0.09,0.49,1.94,-0.37,-0.3,-0.09,-0.53,-0.03,-1,0.18,0.5
20230710,-0.19,-0.81,1.13,0.8,0.14,0.07,-0.41,-0.28,0.39,1.1,0.53,1.15
20230711,0.41,0.32,1.1,2.14,0.25,0.67,0.94,1.26,0.87,-0.17,1.3,0.89
20230712,0.29,0.87,0.16,0.72,0.73,1.23,0.23,1.45,0.85,0.21,0.22,0.68
20230713,0.81,1.58,0.54,-0.51,0.33,1.76,0.1,0.4,0.5,0.1,0.66,0.52
20230714,0.11,0.58,-0.58,-2.89,-0.2,-0.22,-2.1,-0.72,0.08,0.74,0.05,-0.46
20230717,-0.37,1.92,0.83,0.11,-0.24,1.08,-2.65,-1,-0.07,-0.38,0.98,0.39
20230718,-0.16,1.13,0.56,1.16,0.4,0.95,1.27,-0.45,-0.05,0.34,1.69,1.1
20230719,1.19,-0.43,-0.39,0.51,0.34,-0.13,2.31,0.94,0.91,0.06,0.98,-0.16
20230720,0.68,-7.01,-0.5,1.24,-0.1,-2.05,1.28,1.77,-1.17,1.5,0.42,-0.47
20230721,0,-0.97,-0.23,0.91,0.44,-0.19,-0.13,1.27,0.04,0.75,-0.36,-0.26
20230724,0.26,2.63,0.57,1.71,-0.1,0.24,-0.19,-0.12,0.04,-0.61,0.89,0.26
20230725,-0.01,-1.57,-0.04,0.57,1.06,0.95,-0.66,0.14,0.06,-0.19,-0.55,0.34
20230726,0.33,-0.04,0.23,-0.11,0.12,-0.25,-0.21,0.04,-0.02,-0.13,0.63,0.45
20230727,-0.87,-2.44,0.09,-0.55,-1.13,-0.45,0.03,-1.59,-0.5,-0.58,-1.13,-1.36
20230728,0.92,2.88,1.12,0.3,1.39,1.7,0.93,-0.12,1.24,0.78,0.3,0.85
20230731,-0.49,0.51,0.82,2.04,-0.11,0.16,0.62,0.19,0.55,-0.73,0.43,0.5
20230801,-0.45,-1.46,0.39,-0.38,-0.15,-0.05,-0.43,-1.16,-0.76,-0.72,-0.2,-0.49
20230802,0.18,-2.4,-1.68,-1.42,-0.39,-2.47,-0.92,-0.18,-1.21,-0.46,-0.7,-0.99
20230803,-0.27,1.38,-0.41,1.03,-0.65,-0.37,-0.42,-1.74,0.35,-0.53,0.36,-0.46
20230804,-1.09,-1.84,-0.66,0.19,-0.47,-1.12,-0.01,-0.95,1.79,-0.24,-0.27,-0.3
20230807,0.82,-0.59,1.39,0.17,0.73,0.59,0.74,0.1,1.15,0.74,1.12,1.31
20230808,-0.87,-0.54,-0.55,0.5,-0.75,-0.77,0.46,0.39,-0.84,1.24,-0.99,-0.33
20230809,0.11,-2.56,-0.18,1.21,-0.24,-1.49,-0.11,0.39,-0.45,0.11,-0.84,-0.76
20230810,-0.29,0.26,-0.51,-0.01,-0.16,0.08,1.3,-0.36,0.25,-0.19,0.12,0.02
20230811,0.17,-0.91,-0.45,1.48,0.15,-0.64,-0.18,0.62,0.14,0.67,0.31,-0.22
20230814,-0.17,-0.7,0.29,-0.39,-0.43,1.48,0.2,-0.9,0.46,0.42,-0.26,0.2
20230815,-1.19,-2.42,-1.42,-2.2,-1.19,-0.98,-0.52,-1.59,-1.05,-0.15,-1.8,-1.19
20230816,-0.38,-2.53,-0.76,-0.8,-0.8,-0.95,-0.8,0.26,-0.68,-0.84,-0.42,-0.76
20230817,-0.8,-2.15,-0.75,1.37,-0.52,-0.94,-0.8,-0.16,-1.4,-0.68,-0.73,-1.2
20230818,0.44,-0.97,0.14,0.94,0.22,-0.12,-0.26,0.51,0.23,0.02,0.15,0.1
20230821,-0.51,4.98,0.05,-0.57,-0.35,1.71,-0.22,-0.49,0.08,0.22,-0.05,-0.17
20230822,-0.64,0.41,-0.14,-0.67,0,-0.1,-0.28,0.1,-0.46,-0.17,-1.18,-0.03
20230823,0.59,1.45,0.76,-0.5,0.46,1.94,0.12,0.31,0.77,0.27,0.75,1.2
20230824,-0.69,-2.49,-1.56,-0.78,-0.4,-2.1,-1.26,-0.57,-1.71,-0.92,-0.22,-1.17
20230825,0.82,2.81,0.8,1.15,0.41,0.72,0.17,0.72,0.55,0.86,0.19,0.35
20230828,0.5,0.31,1.11,0.65,0.48,0.83,1.3,0.1,0.43,0.08,0.75,0.53
20230829,0.54,5.73,1.43,0.35,0.89,2.11,2.22,0.36,1.1,0.88,0.95,1.29
20230830,0,0,0.57,0.48,0.43,0.8,0.23,-0.3,0.46,0.05,-0.06,0.49
20230831,-0.62,0.37,-0.02,0.23,-0.06,0.33,-0.33,-0.83,0.47,-0.86,-0.59,-0.38
20230901,-0.56,-3.31,0.78,2.27,0.29,0.25,-1.74,-0.3,0.05,0.43,0.73,0.77
20230905,-0.92,2.72,-1.76,0.46,-1.47,0.21,-1.39,-1.45,-1.01,-1.22,-0.8,-1.47
20230906,-0.33,-1.29,-0.54,0.17,-0.46,-1.16,-0.02,-0.17,-0.65,-0.44,-0.49,-0.13
20230907,0.01,-0.3,-1,-0.26,-0.17,-1.1,-0.36,1.15,0.83,0.21,0.03,-0.38
20230908,0.1,-0.67,-0.67,1.17,-0.1,0.09,0.26,0.89,0.08,0.37,0.34,0.05
20230911,0.86,7.1,-0.57,-1.41,0.77,0.61,1.23,0.16,1.21,0.9,0.22,0.58
20230912,-0.35,-1.47,-0.56,2.26,-1.36,-1.58,0.19,0.49,-0.5,-0.19,0.8,-0.26
20230913,0.09,0.84,-0.77,-0.76,0.1,0.27,0.09,0.98,0.76,-0.19,-0.29,-0.52
20230914,1.01,1.64,1.17,1.24,1.06,0.83,1.68,1.39,0.65,0.1,0.9,0.86
20230915,-0.83,-0.51,-1.19,-1.3,-0.81,-1.58,-0.49,-0.57,-1.86,-1.17,-0.35,-0.81
20230918,0.02,-2.56,0.19,0.59,-0.34,0.27,-0.24,-0.02,-0.35,-0.33,0.08,-0.06
20230919,-0.19,0.33,-0.63,-0.85,-0.36,-0.1,-0.33,-0.53,-0.71,0.23,-0.28,-0.26
20230920,0.12,-1.34,-0.5,-1.02,-0.4,-1.72,0.08,-0.04,-0.65,-0.49,-0.23,-0.72
20230921,-1.28,-2.41,-1.84,-1.31,-1.41,-1.73,-0.47,-1.19,-2.51,-1.41,-1.2,-1.86
20230922,-0.57,-2.99,-0.17,0.1,-0.46,0.2,-0.98,-0.03,-0.05,-0.38,-0.51,-0.58
20230925,-0.63,0.94,0.46,1.41,0.08,0.48,-0.54,-0.04,0.63,0.21,0.4,0.37
20230926,-0.75,-1.21,-1.38,-0.4,-1.27,-1.67,-0.87,-2.73,-2.07,-0.54,-1.5,-1.31
20230927,-0.96,-0.78,0.97,2.71,-0.79,0.36,0.02,-1.39,0,-0.43,-0.06,0.16
20230928,0.38,2.14,0.64,0.06,0.52,0.9,0.77,-1.62,0.48,0.38,0.88,0.72
20230929,0.14,1.04,-0.1,-1.83,-0.18,0.14,-0.08,-0.06,-0.07,-0.82,-0.7,-0.81
20231002,-1.09,0.03,-0.86,-2.13,-0.97,1.12,-0.86,-4.29,0.29,-0.44,-0.7,-0.86
20231003,-1.21,-2.1,-0.91,-0.14,-0.59,-1.75,-1.3,0.91,-2.14,-1.08,-1.69,-1.46
20231004,0.72,4.55,0.43,-3.49,0.82,1.28,-0.02,-0.09,1.14,0.29,0.76,0.59
20231005,-2.8,-1.09,-0.67,-0.58,-1.37,0.07,0.21,-0.11,-0.62,0.74,0.73,-0.27
20231006,0.03,0.55,0.86,0.51,0.4,2.01,0.68,1.36,0.26,1.03,1.03,1.2
20231009,0.35,-0.21,1.55,3.57,-0.35,0.57,1.72,1.27,0.43,0.24,0.15,0.29
20231010,1.12,1.37,0.89,-0.01,0.98,0.28,1.05,1.18,0.95,0.72,0.67,0.86
20231011,-0.76,-0.19,0.65,-1.4,-0.44,0.96,-0.15,1.39,0.57,-0.58,0.1,0.23
20231012,-2.6,-1.62,-1.14,0.03,-0.85,-0.4,-1.33,-1.25,-0.42,-1.17,-0.54,-1.59
20231013,0.81,-2.59,-0.9,2.28,0.14,-1.47,-0.01,1.02,-0.6,0.35,0.32,-0.89
20231016,1.47,1.26,1.03,0.6,1.25,1.14,1.42,1.06,1.53,0.9,1.14,1.19
20231017,0.88,0.43,0.6,1.03,0.71,-0.42,0.37,-0.07,0.1,-0.06,0.68,0.35
20231018,-0.17,-4.32,-2.18,1.01,-0.34,-1.49,-1.62,-0.97,-1.36,-0.97,-1.59,-2.37
20231019,-0.74,-7.14,-1.49,-0.13,-0.94,-0.51,-0.46,-0.87,-0.63,-1.26,-1.31,-0.12
20231020,-0.15,-2.62,-1.03,-1.67,-0.48,-1.7,-0.55,-1.07,-1.31,-0.28,-1.61,-0.79
20231023,-0.65,-0.23,-0.45,-1.82,-0.72,0.4,-0.37,-0.85,0.1,-0.69,-0.88,-0.1
20231024,1.21,1.61,1.15,-1.29,0.85,0.76,2.35,1.98,0.83,0.74,0.5,0.57
20231025,0.29,-1.42,-1.16,-0.16,-0.36,-2.64,-1.65,0.31,-2.04,-1.14,-0.27,-1.28
20231026,-0.88,-2.59,0.01,-0.79,-0.14,-2.05,-1.5,0.77,-0.75,-1.16,0.02,-0.72
20231027,-1.03,-0.68,-0.86,-2.22,-1.55,0.36,-1.97,-1.81,1.72,-1.88,-1.67,-0.97
20231030,1.45,-3.3,0.99,0.25,1.13,1.16,2.37,0.57,2.08,0.69,1.54,1.62
20231031,0.32,1.32,0.54,0.35,0.67,0.6,1.63,0.9,0.46,0.37,0.96,0.77
20231101,0.18,1.88,0.81,-0.31,-0.78,1.6,0.67,1.09,1.13,0.64,0.32,0.62
20231102,1.85,4.81,2.2,3.01,1.93,1.62,2.29,2.23,1.46,1.68,2.3,2.26
20231103,0.69,1.18,1.27,-1.02,0.51,1.32,1.78,0.56,0.86,0.84,1.34,1.85
20231106,-0.18,-0.65,-0.44,-1.39,-0.12,0.51,-1.31,-0.53,0.3,0.5,-0.27,-0.45
20231107,0.17,0.77,-0.34,-2.21,-0.84,1.09,0.05,-0.91,0.85,0.11,-0.04,0.08
20231108,-0.23,-0.28,0.17,-1.19,0.1,0.5,-1.24,-0.94,-0.48,-0.17,-0.17,-0.01
20231109,-0.75,-4.53,-0.32,-0.27,-0.15,-0.6,0.53,-1.12,-0.91,-2.82,-0.53,-0.42
20231110,0.11,2.05,1.57,1.08,0.79,2.28,0.39,0.42,1.58,0.51,1.05,1.35
20231113,0.27,3.01,-0.07,0.76,0.27,-0.4,-0.19,-0.88,-0.23,0.83,-0.04,-0.13
20231114,1.23,5.62,2.37,0.97,2.25,2.14,1.26,3.68,2.23,1.27,2.25,2.93
20231115,0.26,1.73,0.52,-0.27,0.14,0.07,1.35,-0.15,-0.05,-0.06,0.4,0.46
20231116,-0.38,-3.18,-0.41,-1.91,0.36,0.52,-0.02,0.21,-1.38,0.19,0.02,0.18
20231117,0.15,0.56,0.23,2.14,-0.34,-0.19,0.11,0.42,0.76,0.31,0.62,0.46
20231120,0.22,0.55,0.41,0.1,-0.1,1.32,1.11,-0.28,0.49,0.7,0.26,0.66
20231121,0.24,1.27,-0.22,-0.32,-0.04,-0.46,-0.39,0.23,-0.57,-0.14,-0.05,-0.11
20231122,0.84,-1.94,0.27,-0.05,0.59,0.45,0.27,0.47,0.92,0.46,0.55,0.47
20231124,0.31,0.62,0.37,0.46,0.47,-0.33,0.41,0.35,0.27,0.59,0.44,0.19
20231127,-0.44,0.12,-0.12,-0.46,-0.33,-0.06,-0.59,0.03,0.18,-0.67,-0.32,-0.49
20231128,0.13,3.16,-0.49,0.06,0.34,0.34,-0.6,0.19,-0.14,-0.52,-0.18,-0.24
20231129,-0.62,-0.2,0.61,-0.85,-0.2,-0.02,0.32,-0.62,-0.51,0.48,0.61,0.09
20231130,0.89,-1.28,0.97,0.53,1.32,-0.25,0.63,0.62,0.26,1.01,1.3,0.56
20231201,1.12,0.41,1.6,0.53,0.71,0.35,1.18,1.29,1.12,0.75,1.15,1.59
20231204,0.19,-0.7,0.28,-0.6,-0.14,-1.16,-0.13,-0.28,-0.28,0.57,0.12,-0.06
20231205,-0.64,0.57,-1.18,-1.69,-2.3,0.53,-1.09,-0.88,0.2,-0.22,-0.44,-0.98
20231206,-0.22,0.52,0.32,-1.63,0.09,-0.77,0.06,0.95,-0.41,0.17,-0.44,0.02
20231207,0.42,1.3,0.25,-0.38,0.98,1.53,0.83,-0.25,0.56,0.13,0.57,0.59
20231208,-0.21,0.49,0.52,1.11,-0.52,0.66,0.2,-0.03,-0.01,0.24,0.69,0.48
20231211,1.16,-0.95,1.11,0.11,0.39,0.14,0.07,0.33,0.43,0.29,0.49,0.98
20231212,0.24,-0.86,0.07,-1.48,0.19,0.59,-0.55,-0.58,0.53,0.68,0.58,0.45
20231213,1.76,1.2,1.62,1.41,2.37,1.12,1.2,3.36,1.61,2.12,1.94,1.6
20231214,-0.95,4.93,2.18,3.01,-0.24,-0.09,1.36,-0.84,-0.21,-0.09,1.28,1.16
20231215,-0.83,0.49,-0.19,-0.44,-0.23,0.51,-0.93,-1.56,0.61,-0.72,-0.53,-0.46
20231218,0.63,-0.45,-0.07,0.87,0.57,0.62,-0.1,-0.14,1.27,0.17,-0.06,0.38
20231219,0.41,1.87,1.29,1.3,0.69,0.52,0.56,0.65,0.38,1,0.83,0.94
20231220,-2,-3.23,-1.62,-1.03,-1.62,-1.26,-1.63,-1.78,-1.26,-1.74,-1.63,-1.9
20231221,0.91,2.69,1.28,0.41,0.85,1.16,0.52,0.36,1.06,1.38,1.01,1.01
20231222,0.4,-0.5,-0.26,0.22,0.67,0.11,-0.12,0.37,0.13,0.92,0.29,0.3
20231226,0.56,1.34,0.87,0.91,0.61,0.39,0.41,0.62,0.25,0.42,0.53,0.45
20231227,0.32,1.33,0.06,-0.47,0.13,0,0,-0.15,0.24,0.67,0.33,0.18
20231228,0.22,-2.24,-0.12,-1.52,-0.14,0.12,0.52,0.54,-0.05,0.17,0.33,0.04
20231229,0.06,-1.49,-0.38,-0.32,-0.11,-0.47,-0.08,-0.18,-0.39,-0.18,-0.39,-0.53
